Product Name,Category,SKU,Model,Price,Quantity,Description,Image
oraimo Candy 1m 2.1A Micro USB Cable,Charges & Cables,JNE-OCDM22P-754,OCD-M22P,3477.6,10,"Product Parameters:
oraimo Candy Micro USB Fast Charging Flat Cable

Product Features:

Output: 5V 2.1A
Plug Type: Micro USB
Length: 1m
model: OCD-M22P

Fast Charge & Sync
Selecting superior copper varnished cable core, it can achieve fast charging efficiency and transfer data to and from your devices at a high speed.",
ORAIMO OCD-114M 2A USB CABLE,Charges & Cables,JNE-OCD114M-214,OCD-114M,3477.6,10,"Connection Type: Micro USB 2.0 Type-B
Length: 1M
Material: Nylon Braided Cable with Metal Shell
Data Transfer Rate: 480 Mbps
Chraging: 2.4A Fast Charging
Compatibility: Mobile, Charger, Laptop, etc",
ORAIMO Type C 1 m CandyLine 2,Charges & Cables,JNE-OCD121C-125,OCD-121C,4347,10,"ORAIMO Type C 1 m CandyLine 2 OCD-121C 2.4A Fast Charging Hi-Speed Sync (Compatible with ALL DEVICES, Light Blue, One Cable, USB Type A To USB Type C)",
Oraimo RobustLine (OCD-114C) USB-A to USB-C Charging/Data Cable,Charges & Cables,JNE-OCD114C-859,OCD-114C,4968,10,"Reliable Fast Charging – 5V/2A (10W): Strong current flow charges devices steadily and efficiently with smart resistance to overheating and surges.
480Mbps Data Syncing with USB 2.0: Transfer files quickly and without interruption, perfect for everyday backups and media management.
Secure USB-A to USB-C Connection: Offers wide compatibility across Type-C devices, with snug connectors that hold firm",
oraimo PowerCube 61 6W Wall Charger Kit with Free Micro-USB Cable,Charges & Cables,JNE-OCW1061U-381,OCW-1061U+M53,5589,10,"Input: 100-240V 50-60Hz
Output: 5V/1.2A
Cable Type: Micro-USB
Length: 1m
Model: OCW-1061U-M53
Product Features: Multi-protection",
Oraimo Conch 2 Neo OEP-320S In-Ear Wired Earphone (Black),Headphones & Earbuds,JNE-OEP320SB-350,OEP-320S Black,6210,10,"The Oraimo OEP-320S In-Ear Wired Earphone is a stylish and high-performance audio gadget that promises great sound quality and durability. This Oraimo Earphone has a 1.2-meter cable length with a 2.8mm main cable diameter and 1.8mm side cable diameter, providing flexibility and long-lasting performance. The Oraimo OEP-320S Earphone has a 10mm driver size and produces rich, immersive sound with a frequency response range of 20-20000Hz, including deep bass, clean mids and sharp highs. This earphone has an impedance of 16 Ohms and a sensitivity of 95±3dB, resulting in efficient power use and quality audio output. Its 3.5mm plug provides compatibility with most devices, making it a flexible option. The Oraimo OEP-320S Earphones are made of robust plastic and come in a variety of attractive colors, including black, white, mint, and purple, to accommodate a wide range of style choices. The comfortable in-ear design provides a snug fit and efficient noise isolation, making these Oraimo Earphones ideal for long listening sessions while enjoying high-quality audio performance",
Oraimo Fast Line OCD-L53 1M 2A Fast Lightning Cable,Charges & Cables,JNE-OCDL53-328,OCD-L53,6210,10,"Specification    Details
Brand    Oraimo
Model    OCD L53
Type    Lightning Cable
Color    White
Length    1 Meter
Charging Current    Up to 2 A (10 W)
Data Transfer Speed    Up to 480 Mbps
Connector Type    USB‑A to Lightning
Cable Construction    OD4.0 thick copper core with reinforced joints
Durability Features    Gold-plated connectors- tangle-resistant design
Certifications    CE- FCC- RoHS (varies by region)
Compatibility    iPhone- iPad- iPod",
Oraimo Phone Battery BL-5CAR-I 1000mAh,Batteries,JNE-BL5CARI-242,BL-5CAR-I,6210,10,"Oraimo Battery BL-5CAR-I

Introducing our cutting-edge BL-5CAR-I re-chargeable battery,

a powerful solution designed to enhance your electronic devices.

This high-performance source boasts a capacity of 1000mAh,

ensuring prolonged usage and reliability. Its sleek

and sophisticated black color adds a touch of elegance to your devices.
The BL-5CAR-I is engineered to provide a seamless

and uninterrupted power supply for various applications,

from portable electronics to smart gadgets. Its compact design

makes it easy to integrate into your devices without compromising on power.

Whether you're on the go or working from home, this battery offers

the flexibility and endurance needed to keep your devices running smoothly.
Say goodbye to the inconvenience of frequent re-charging

Oraimo Battery BL-5CAR-I",
oraimo PowerCube 10 Sleek 10W Wall Charger Kit with Micro-USB Cable,Charges & Cables,JNE-OCW1111U-854,OCW-1111U+M53,7452,10,"Brand: Oraimo
Connectivity: USB-A port
Output Power: 10 W (5V 2A)
Input Voltage: 100 to 240 V
Port Type: Single USB-A
Cable: Micro-USB cable included (1 m)
Compatibility: Smartphones, tablets, and USB powered devices",
Oraimo TECNO Phone Battery BL-5CAT 1150mAh,Batteries,JNE-BL51CAT1-204,BL-51CAT 1150mAh,8694,10,"This Battery is The perfect top - notch quality replacement battery specially designed for your handset to solve the problems of quick battery drainage, low backup time or even extend the usage time by keeping an extra stand-by battery with you. This battery is standard and similar battery that is used for your handset, so you need not be worried that the new battery would damage your expensive phone in anyway. The battery uses a Lithium-ion core which maximizes the life. Also, one of the major features of the battery is that is it ultra thin and lightweight in design, therefore making the battery easy to carry around with your phone in your pocket.

Unlocking the Power: oraimo Phone Battery BL-5C 1150mAh

Discover the oraimo Phone Battery BL-5C 1150mAh – a high-performance lithium-ion battery designed for mobile phones. Learn about its long battery life, quick charging, and durability.

The oraimo Phone Battery BL-5C 1150mAh is a powerhouse when it comes to mobile phone batteries. With a capacity of 1150mAh, this rechargeable lithium-ion battery is designed to provide an extended and reliable power source for your mobile phone. In this article, we will explore the key features and benefits of this battery, highlighting its long battery life, quick charging capabilities, and exceptional durability.

Key Features of the oraimo Phone Battery BL-5C 1150mAh

Let's dive into the exceptional features that make the oraimo Phone Battery BL-5C 1150mAh stand out:

Long Battery Life for Uninterrupted Usage

The most noteworthy feature of the oraimo Phone Battery BL-5C 1150mAh is its remarkable battery life. Once fully charged, this battery can power your mobile phone for several hours of continuous use, depending on your phone model and usage patterns. Whether you are a heavy mobile user or need your phone to last through the day, this battery has got you covered. Say goodbye to constant recharging and enjoy uninterrupted communication and entertainment on your mobile device.

Quick Charging for On-the-Go Convenience

Waiting for your phone to charge can be frustrating, especially when you're on the move. The oraimo Phone Battery BL-5C 1150mAh addresses this issue with its quick charging time. You can fully charge this battery in a relatively short period, meaning you spend less time tethered to an outlet and more time using your phone. This feature is a game-changer for those with busy schedules and little time to spare for recharging.

Durability for Long-Lasting Performance

A mobile phone battery needs to withstand daily wear and tear, and the oraimo Phone Battery BL-5C 1150mAh does just that. It is built with high-quality materials that ensure its durability and long-lasting performance. This battery has undergone rigorous testing to meet or even exceed industry standards for both performance and safety. You can trust it to provide consistent power without compromising your phone's safety and functionality.

Specifications:

Battery Cell Type: Li-ion battery
Capacity: 1150mAh
Weight (kg): 0.5",
"Oraimo 10W Wall Charger Kit OCW-1111U+L53 (Lightning cable, Black)",Charges & Cables,JNE-OCW1111U-792,OCW-1111U+L53,8694,10,"Specifications
Input
100-240V 50-60Hz
Output
5V⎓2A
Cable
Lightning
Product Features
Compact Size Anti-sweat & Fingerprints Multi-protection System",
Oraimo OCW-1112U+C53 Compact Wall Charger Kit,Charges & Cables,JNE-OCW112UM-858,OCW-112UM/1113UM,8694,10,Product SpecificationsBrand: OraimoModel Variants: OCW-112UM / OCW-1113UMPlug Type: UK Standard (3-Pin)Cable Type: Micro-USBColor: Glossy White / Matte BlackMaterial: Fireproof PC + ABS,
oraimo PowerCube 10 Sleek 10W Wall Charger Kit (OCW-1113UC),Charges & Cables,JNE-OCW1113U-658,OCW-1113UC,9315,10,"Input    100-240V 50-60Hz
Output    5V 2A
Cable    Micro-USB/Type-C/Lightning
Model    OCW-1111U
Features    Compact Size; Anti-sweat & Fingerprints; Multi-protection System",
Oraimo TECNO Phone Battery BL-5CAR 1150mAh,Batteries,JNE-BL5CAR11-189,BL-5CAR-1150mAh,9315,10,"Product Specifications
Battery Cell Type    Li-ion battery
Capacity    1150mAh",
oraimo RobustLine OCD-114CC 60W Ultra Fast Charge Cable,Charges & Cables,JNE-OCD114CC-704,OCD-114CC,9936,10,"Type: Type-C to Type-C;
Length: 1.5m;
Output: 20V⎓3A; 15V⎓3A; 9V⎓3A; 5V⎓3A",
oraimo RobustLine OCD-114CL Cable (Built To Last Longer),Charges & Cables,JNE-OCD114CL-532,OCD-114CL,12420,10,"Type: Type-C to Lightning;
Length: 1m;
Output: 5V⎓3A, 9V⎓3A, 15V⎓2A",
oraimo Duraline 4 3-in-1 Charging Cable (OCD-118MCL),Charges & Cables,JNE-OCD118MC-132,OCD-118MCL,9936,10,"Description
Product Parameters:
TYPE: USB-A to Type-C & Lightning &Micro-USB

Type-C: 3A ,60W Max
Lightning: 2.4A，12W Max
Micro-USB: 2.4A，12W Max
Transfer rate:
Type-C: Up to 480Mbps
Input: USB A
Output: Type C & Lightning & Micro-USB
Length：1.2M",
Oraimo OCC-1152D Car Charger with Cable,Charges & Cables,JNE-OCC1152D-130,OCC-1152D,11799,20,"Description
Product Parameters:

Input: DC 12~24V

Output 1(USB-A): 5V/3.1A

Output 2(USB-A): 5V/3.1A

Total Output: 15.5W

Model: OCC-1152D

Product Features:

Dual USB Output

LED Light Ring

Sleek Black Casing

Multi-protection",
Oraimo Cannon 18S 18W Type-C Wall Charger Kit (OCW-5184U+C53),Charges & Cables,JNE-OCW5184U-195,OCW-5184U+C53,13662,10,"Stable 18W Fast Charging – Rapid and consistent power delivery

AniFast™ Technology – Advanced tech for faster and more efficient charging

Smart Temperature Management – Prevents overheating for safe operation

Smart Control – Built-in protection against over-current, over-voltage, and short circuits

Protocol Detection – Automatically adjusts to QC3.0 and PE2.0 for optimal speed

Charging Indicator Light – Shows real-time charging status

🧳 Design & Convenience

Lightweight & Portable – Easy to carry, ideal for travel

Safe Charging System – Multi-layer protection ensures device and user safety

Includes USB-C Cable – Full compatibility with modern Type-C devices",
Oraimo OCC-1152D+X93 Car Charger With Cable,Charges & Cables,JNE-OCC1152D-323,OCC-1152D+X93,18009,10,"Description
Product Parameters:

Car Charger:

Input: DC 12~24V

Output 1(USB-A): 5V/3.1A

Output 2(USB-A): 5V/3.1A

Total Output: 15.5W

Cable:

Type: A to Micro-USB/Type-C/Lightning 3 in 1

Output: 5V 3A

Length: 1.2m

Model: OCC-1152D-X93

Product Features:

Dual USB Output

LED Light Ring

Sleek Black Casing

Multi-protection",
oraimo PowerFlow B11 15W Type-C Fast Charging Power Bank (OPB-1102),Power Banks,JNE-OPB1102G-338,OPB-1102 GRAPHITE GREY,37260,10,"Description
Specification

Details

Brand

Oraimo

Model

PowerFlow B11 (OPB-1102)

Product Type

Fast Charging Power Bank

Battery Capacity

10000mAh (37Wh)

Input Port

USB Type-C

Output Ports

2 × USB-A, 1 × USB Type-C

Maximum Output

Up to 15W

Total Output

15W Max

USB Type-C Input

5V⎓3A (Up to 15W)

USB-A Output

5V⎓3A (Up to 15W) ×2

USB Type-C Output

5V⎓3A (Up to 15W)

Charging Technology

AniFast Fast Charging

Multi-Device Charging

Charge Up to 3 Devices Simultaneously

Protection

15-Layer Smart Protection System (Overheating, Overcharging & Short Circuit Protection)

Compatibility

Smartphones, Tablets, Earbuds & Other USB Devices

Suitable For

Everyday Fast Charging & Travel",
oraimo Boulevard 18W Car Charger with FM/Bluetooth Modulator (OCC-32D),Charges & Cables,JNE-OCC32D-617,OCC-32D,43470,3,"Description
Product Parameters:

Input: DC 12~24V
Output1 USB-A: 5V/0.5A
Output2 USB-A: 5V/3A. 9V/2A. 12V/1.5A
FM Frequency: 87.5MHz~108.0 MHz
FM TX Frequency: 3m
Available Distance: 5m
Supported Formats: MP3/WMA/APE/WAV/FLAC
Supported USB Flash Drive/TF Card Capacity: 32G

Model: OCC-32D",
"oraimo PowerOmni 251 Portable Charger (OCW-T01, Black)",Charges & Cables,JNE-OCWT01BL-716,OCW-T01 Black,37260,10,"PowerOmni 251-0CW-T01(Travel Adapter)
Gross Power: 10A 2500W Max; Input: 100-250~50/60Hz; Fuse Rating: 10A Max
Size: L50.0*W55.5*H54.3mm",
"oraimo PowerOmni 251 Portable Charger (OCW-T01, White)",Charges & Cables,JNE-OCWT01WH-127,OCW-T01 White,37260,10,"PowerOmni 251-0CW-T01(Travel Adapter)
Gross Power: 10A 2500W Max; Input: 100-250~50/60Hz; Fuse Rating: 10A Max
Size: L50.0*W55.5*H54.3mm",
"oraimo Slice Link 10000mAh Power Bank, 3 Built-in Cables (OPB-P5101)",Power Banks,JNE-OPBP5101-674,OPB-P5101,40986,10,"SPECS
Capacity: 10000mAh (37Wh)
Input 1 Micro:5V 2A
Input 2 Type-C: 5V 2A
Output USB-A : 5V 2.4A(Max)
Output Micro Cable/Type-C Cable:
5V 2.1A",
"oraimo Necklace Lite Earbuds (OEB-311, Light Gold)",Headphones & Earbuds,JNE-OEB311LI-303,OEB-311 LightGold,43470,10,"SPECS
Bluetooth Version: V5.3
Bluetooth Range: 10m
Battery Capacity: 220mAh
Playtime: Up to 30 hours
Case Input: Type-C
Model: OEB-311",
"oraimo Toast 15 Flash 10000mAh Power Bank (OPB-1100D, Light Gold)",Power Banks,JNE-OPB1100D-833,OPB-1100D LIGH GOLD,40986,10,"SPECS
Capacity: 10000mAh (37 Wh)
Input 1(Micro-USB): 5V/2A
Input 2(Type-C): 5V/3A
Output 1(USB-A)：5V/3A(Max)
Output 2(USB-A)：5V/3A(Max)
 Output 3(Type-C)：5V/3A(Max)
Total Output: 5V/3A (Max)",
"oraimo Toast 15 Flash 10000mAh Power Bank (OPB-1100D, Black)",Power Banks,JNE-OPB1100D-765,OPB-1100D Black,40986,10,"SPECS
Capacity: 10000mAh (37 Wh)
Input 1(Micro-USB): 5V/2A
Input 2(Type-C): 5V/3A
Output 1(USB-A)：5V/3A(Max)
Output 2(USB-A)：5V/3A(Max)
 Output 3(Type-C)：5V/3A(Max)
Total Output: 5V/3A (Max)",
"oraimo Necklace Lite Earbuds (OEB-311, Black)",Headphones & Earbuds,JNE-OEB311BL-818,OEB-311 BLACK,43470,10,"SPECS
Bluetooth Version: V5.3
Bluetooth Range: 10m
Battery Capacity: 220mAh
Playtime: Up to 30 hours
Case Input: Type-C
Model: OEB-311",
"oraimo Necklace Lite Earbuds (OEB-311, Mysterious Blue)",Headphones & Earbuds,JNE-OEB311MY-658,OEB-311 MYSTERIOUS BLUE,43470,10,"SPECS
Bluetooth Version: V5.3
Bluetooth Range: 10m
Battery Capacity: 220mAh
Playtime: Up to 30 hours
Case Input: Type-C
Model: OEB-311",
"oraimo SpaceBuds Lite Earbuds (OTW-324, Speed Black)",Headphones & Earbuds,JNE-OTW324SP-529,OTW-324 Speed Black,45954,10,"SPECS
Bluetooth Version: V5.4
Range: 10m
Playtime: Up to 7 hours; the case provides
additional 33 hours.
Case Input: Type-C
*oraimo Lab test results",
"oraimo SpaceBuds Neo Earbuds (OTW-323, Black)",Headphones & Earbuds,JNE-OTW323BL-325,OTW-323 BLACK,47196,10,"SPECS
Bluetooth Version: V5.4
Bluetooth Range: 10m
Playtime: Up to 5 hours, the case provides additional 25 hours
Case Input:  Type-C
*oraimo Lab test results",
oraimo SpaceBuds Air Earbuds (OTW-324S),Headphones & Earbuds,JNE-OTW324S-559,OTW-324S,47196,10,"SpaceBuds AirOTW-324S (True Wireless Earbuds)
Bluetooth Version: V5.4
Range: 10m
Playtime: Up to 6.5 hours; the case provides additional 31.5 hours
Case Input: Type-C",
"oraimo SpaceBuds Neo Earbuds (OTW-323, Black)",Headphones & Earbuds,JNE-OTW323MY-703,OTW-323 Mysterious Blue,47196,10,"SPECS
Bluetooth Version: V5.4
Bluetooth Range: 10m
Playtime: Up to 5 hours, the case provides additional 25 hours
Case Input:  Type-C
*oraimo Lab test results",
Oraimo OCC-7691D Car Charger (Chrome),Charges & Cables,JNE-OCC7691D-384,OCC-7691D CHROME,49680,10,"Description
Product Parameters:
Model: OCC-7691D
Input: DC 12-24V
Output 1(Type-C): 5V⎓3A; 9V⎓3A; 12V⎓3A; 5-11V⎓3.0A; 36W Max
Output 2(USB-A): 5V⎓3A; 9V⎓2A; 12V⎓1.5A; 10V⎓2.25A; 5-12V⎓3.3A; 33W Max;
Output 1(Type-C)+ Output 2(USB-A): 69W Max",
oraimo SmartLamp Table 5W Table Lamp,Smart Lighting,JNE-ODL202A-928,ODL-202A,49680,10,"Description
Product Parameters:
Input: 5V 2A

Rated Power: 5W

Battery Capacity: 2000mAh",
"oraimo Wireless Earbuds (OTW-330S, Black)",Headphones & Earbuds,JNE-OTW330SB-990,OTW-330S BLACK,55890,10,"oraimo FreePods Neo true wireless earbuds (OTW-330S) - Bluetooth 5.3, half-in-ear fit, 12.4mm drivers, 6-mic ENC for calls, Sound360 spatial audio, up to 50 hours total playtime (7h buds + 43h case), AniFast fast charge, IPX4 water resistance.",
"oraimo Watch 5 Lite Smartwatch (OSW-804, Black)",Smart Watches,JNE-OSW804BL-106,OSW-804 BLACK,62100,10,"oraimo Watch 5 Lite smartwatch (OSW-804) - 2.01"" TFT display (240x296), Bluetooth 5.3, PC+ABS body, 300mAh lithium-polymer battery (about 3-hour charge), up to 7 days typical use / 28+ days standby, IP68 water resistance, 44g weight.",
oraimo SmartClipper Plus Hair Clipper (OCL-210),Personal Care Appliances,JNE-OCL210-877,OCL-210,62100,10,"SPECS
Size    166.7mm*45.2mm*33.5mm
Material    Aluminum alloy+stainless steel
Battery Capacity    18650 3.7V/1200mAh
Charging    DC 5V 2A，Anifast
Vibrate    280 3.0V ;6500RPM
Moving knife adjustment    0.1-2.0mm
Limiting comb    3、6、9、12mm",
"oraimo SpaceBuds Neo+ Earbuds (OTW-323P, Black)",Headphones & Earbuds,JNE-OTW323PB-925,OTW-323P BLACK,64584,10,"SPECS
Bluetooth Version: V5.4
Range: 10m
Playtime:
Up to 5 hours, the case provides additional 25 hours (ANC OFF)
Up to 4 hours, the case provides additional 20 hours (ANC ON)
Case Input: Type-C
*oraimo Lab test results",
oraimo EasyCut Hair Clipper (OCL-230),Personal Care Appliances,JNE-OCL230-263,OCL-230,68310,10,"SPECS
Product Material: PC+ABS
Rated Input:5V=1A
Rated Power: 5W
Charging Time: 3.5 Hours
Full Working Time: 2.5 Hours",
"oraimo Watch 5 Lite Smartwatch (OSW-804, Rose Gold)",Smart Watches,JNE-OSW804RO-814,OSW-804 Rose Gold,62100,10,"SPECS
Display Screen: 2.01 "" TFT 240*296
Wireless Version: V5.3
Material: PC+ABS
Battery Type: Lithium polymer
Battery Capacity: 300mAh
Charging Time: 3 hours
Normal Usage Time: 7 days
Standby Time: More than 28 days
Weight: 44g
Watch Size: 53.6*40.7*12.2mm
Waterproof: IP68
*oraimo Lab test results",
oraimo Traveler 12 Byte Power Bank (OPB-1205N),Power Banks,JNE-OPB1205N-532,OPB-1205N,68310,10,"SPECS
Capacity: 20000mAh (74Wh)
Input 1(Type-C): 5V=2A;
Input 2(Micro-USB): 5V=2A
Output 1(USB-A): 5V= 2.4A
Output 2(USB-A): 5V=2.4A
Output 3(Type-C): 5V=2.4A
Total Output: 5V== 2.4A (Max)",
oraimo SmartLamp Go 4.5W RGB Night Light,Smart Lighting,JNE-ONL501A-448,ONL-501A,68310,10,"Product Material: ABS+PC

Rated Power : 4.5W

Input: 5V/1A

Iuminous Flux: ≥80LM

Color Rendering Index (CRI): ≥80RA

Battery Capacity: 2000mAh

Charge Time: 3.5~4.5h

Working Time:

4~5h(at the brightest status);

≥120h(at the darkest status)

Net Weight: 246g

Model: ONL-501A",
Oraimo OHCS-001 Graphite Black,Charges & Cables,JNE-OHCS001-384,OHCS-001,68310,10,"Description
Product parameters:
Model: OHCS-001
Materials: PP / ABS / Stainless Steel / Microfiber
Product Dimensions: 40 × 13 × 124 cm
Capacity: 420 ml
Package Contents: Spray Mop ×1 / Microfiber Mops ×2 / Reusable Bottle ×1 / Cleaning Brush ×1

*Results of tests from the Oraimo laboratory",
oraimo SleekLine Hair Styling Wand (OPC-HS2N),Personal Care Appliances,JNE-OPCHS2N-259,OPC-HS2N,74520,10,"SPECS
Rated Power: 38W
Rated Frequency: 50-60Hz
Rated Voltage: 100-240V~
*oraimo Lab test result",
oraimo SmartClipper 2C Hair Clipper (OPC-CL30C),Personal Care Appliances,JNE-OPCCL30C-320,OPC-CL30C,80730,10,"SPECS
Size: 195*54*42.5mm
Product Material: PC+ABS
Blade Material: Stainless Steel
Rated Voltage: 5V
Rated Power: 5W
Charging Time: 3.5 Hours
Full Working time: 2.5 Hours",
"oraimo BoomPop Lite Headphones (OHP-317, Black)",Headphones & Earbuds,JNE-OHP317BL-881,OHP-317 BLACK,80730,10,"SPECS
Connectivity: Bluetooth 5.3 and 3.5mm AUX cable

Bluetooth Range: ≥10m

Speaker Diameter: 40mm

Playtime: Up to 65 hours

Charging Port: Type-C

*oraimo Lab test results",
oraimo OML-501A Magnetic Night Light (White),Smart Lighting,JNE-OML501AW-444,OML-501A White,80730,10,"oraimo OML-501A Smart Lamp / magnetic tube RGB light - 12 colour modes, 5-level dimming, 2 colour-temperature settings, magnetic mounting, remote control, up to 18+ hours working time.",
oraimo EasyShave Shaver (ORS-280),Personal Care Appliances,JNE-ORS280-204,ORS-280,80730,10,"SPECS
Input: 5V⎓1A
Rated Power: 5W
Charging Time: 1.5 Hours
Run Time: 1 Hour
Battery Capacity: 800mAh",
"oraimo Watch 5 Smartwatch (OSW-805, Berry Grey)",Smart Watches,JNE-OSW805BE-194,OSW-805 Berry Grey,86940,10,"SPECS
Display Screen: 2.01'' TFT 240*296
Wireless Version: V5.2
Material: ABS/PC/Modified silica gel
Battery Type: Lithium polymer
Battery Capacity: 300mAh
Charging Time: 3 hours
Normal Using Time: 7 days
Standby Time: 30 days
Watch Size: 48*38*10.8mm
Weight: 41.4g
Waterproof: 1ATM
*oraimo Lab test results",
oraimo Watch 5N Smartwatch (OSW-806N),Smart Watches,JNE-OSW806N-489,OSW-806N,86940,10,"SPECS
Display Screen: 2.01 TFT 240*296
BT Version: V5.3
Material: ABS/PC/Silica gel
Battery Capacity: 300mAh
Battery Type: Lithium polymer
Rated Voltage: 5V
Charging Time: 3 hours
Normal Usage Time: 7 days
Standby Time: More than 20 days
Watch Size: 47.8*39.2*10.95mm
Waterproof: IP68",
"oraimo Watch 6 Smartwatch (OSW-807, Chrome)",Smart Watches,JNE-OSW807CH-199,OSW-807 Chrome,86940,10,"oraimo Watch 6 smartwatch (OSW-807) - 2.04"" TFT display, Bluetooth 5.3, ABS/PC/zinc-alloy body, 300mAh lithium-polymer battery (about 3-hour charge), up to 8 days typical use / 33+ days standby, IP68 water resistance.",
"oraimo BoomPop Lite Headphones (OHP-317, Black)",Headphones & Earbuds,JNE-OHP317LG-467,OHP-317 Lght Gold,86940,10,"oraimo BoomPop Lite Headphones (OHP-317, Black) — Endless beats all day long boompop lite. SPECS
Connectivity: Bluetooth 5.3 and 3.5mm AUX cable

Bluetooth Range: ≥10m

Speaker Diameter: 40mm

Playtime: Up to 65 hours

Charging Port: Type-C",
oraimo PowerNova QF1 Power Bank (OPB-7270Q),Power Banks,JNE-OPB7270Q-967,OPB-7270Q,86940,10,"SPECS
PowerNova QF1 -OPB-7270Q(Power Bank)
Capacity: 27000mAh (99.9Wh); Input 1(ype-C): 5V=3A; 9V==2.22A; 12V= 1.67A;
Output 1/2(USB-A): 5V=3A; 9V=2.22A;12V=1.67A;10V=2.25A; Output 3(Type-C): 5V=3A;9V-2.22A: 12V-1.67A: 10V-2.25A",
oraimo MagPower 15 Wireless Power Bank (OPB-7102W),Power Banks,JNE-OPB7102W-452,OPB-7102W,93150,10,"SPECS
Capacity/Energy: 10000mAh/36Wh;
Input 1 (Type-C): 5V = 3A; 9V = 2.222A; 12V ==1.67A;
Output 1(USB-A): 5V = 3A; 9V = 2.22A; 12V = 1.67A; 10V = 2.25A;
Output 2(Type-C): 5V = 3A; 9V = 2.22A; 12V = 1.67A; 10V = 2.25A;
Wireless Output: 5W/7.5W/10W/15W;
Total Output:15W(Max);",
oraimo Necklace 5 Earbuds (OEB-611),Headphones & Earbuds,JNE-OEB611-718,OEB-611,93150,10,"SPECS
Necklace 5-0EB-611(Neckband Wireless Earphone)
Bluetooth Version: V5.4; Wireless Range: 10m;
Battery Capacity: 260mAh;
Playtime: Up to 40 hours (ANC OFF); Up to 28 hours (ANC ON);
Charging Input: Type-C;",
oraimo SmartTrimmer 2 Pro (OTR-280),Personal Care Appliances,JNE-OTR280-370,OTR-280,93150,10,"SPECS
Input: DC 5V 1A
Rated Power: 5W
Charging Time: 2 Hours
Run Time: Up to 2.5 Hours
Battery Capacity: 1200mAh",
"oraimo SpaceBuds Z Earbuds (OTW-625, Black)",Headphones & Earbuds,JNE-OTW625BL-926,OTW-625 BLACK,99360,10,"SPECS
Bluetooth Version: V5.4
Range: 10m
Playtime:
Up to 10 hours; the case provides additional 28 hours. (ANC OFF)
Up to 8.5 hours; the case provides additional 23.5 hours. (ANC ON)
Case Input:  Type-C",
"oraimo OpenSnap Earbuds (OPN-373, Gravity Black)",Headphones & Earbuds,JNE-OPN373GR-144,OPN-373 GRAVITY BLACK,99360,10,"SPECS
Bluetooth Version: V5.4;
Range: 10m;
Playtime: Up to 6 hours, the case provides additional 20 hours;
Case Input: Type-C
*oraimo Lab test results",
"oraimo SpaceBuds Z Earbuds (OTW-625, Light)",Headphones & Earbuds,JNE-OTW625LI-847,OTW-625 LIGHT,99360,10,"oraimo SpaceBuds Z Earbuds (OTW-625, Light) — Clarity in every beat spacebuds z. SPECS
Bluetooth Version: V5.4
Range: 10m
Playtime:
Up to 10 hours; the case provides additional 28 hours. (ANC OFF)
Up to 8.5 hours; the case provides additional 23.5 hours. (ANC ON)",
"oraimo BoomPop2S Headphones (OHP-610S, Nebula Blue)",Headphones & Earbuds,JNE-OHP610SN-570,OHP-610S NEBULA BLUE,105570,10,"Head Phones. SPECS
Bluetooth Version: 5.3
Bluetooth Range: ≥10m
Speaker Diameter: 40mm
Battery Capacity: 500mAh
Playtime: Up to 50 hours
Charging Time: 1.5 hours
Supported Format: Mic Support / Aux-in Mode / Type-C
Model: OHP-610S",
Oraimo OHP-201A,Headphones & Earbuds,JNE-OHP201A-649,OHP-201A,105570,10,"oraimo SmartCooker electric cooker (OHP-201A) - 3L capacity multi-purpose electric pot, 1000W rated power, 304 stainless-steel steamer insert, dual-layer insulated body, transparent lid, anti-scald handles, detachable power cord.",
oraimo Watch Nova R Smartwatch (OSW-821N),Smart Watches,JNE-OSW821N-227,OSW-821N,124200,10,"SMART WATCHSPECS
Screen Size: 1.39"" TFT 360*360
Bluetooth Version: V5.3
Battery Capacity: 300mAh
Battery Type: Lithium Polymer Battery
Charging Time: 3 hours
Standby Time: 40 days
Using Time: Up to 12 days
Watch Size: 50.3*39.4*13.1mm (without strap)
Weight: 42.7g (with strap)
Material: ABS/PC/Silicone",
Oraimo OCW-7652U+116CC Charger Kit UK,Charges & Cables,JNE-OCW7652U-487,OCW-7652U+116CC,124200,10,"oraimo HyperGaN 65 charger kit (OCW-7652U+116CC) - 65W GaN wall charger (one USB-C port up to 65W, one USB-A port up to 65W shared, USB total 65W max) bundled with a 100W Type-C to Type-C cable; supports PD/QC/laptop charging, 9-layer safety protection.",
oraimo SmartClipper 2 Gold Hair Clipper (OPC-CL30G),Personal Care Appliances,JNE-OPCCL30G-180,OPC-CL30G,136620,10,"SPECS
Size: 195*54*42.5mm
Product Material: ABS+PC
Rated Voltage: 5V
Rated Power: 10W
Blade Material: Stainless steel, graphene coated
Charging Time: 2 hours
Full Working time: Up to 3 hours",
Oraimo OH-PB1N Blender (Black),Home Appliances,JNE-OHPB1N-665,OH-PB1N,136620,10,"oraimo SmartBlender Go portable blender (OH-PB1N) - 500ml Tritan cup, 75W motor, 304 stainless-steel ice-crushing blades, dual 2000mAh batteries (4000mAh total, ~8-10 blends/charge), USB-C recharging, self-clean function, IPX5 water resistance.",
Oraimo OH-B2N Blender (Black),Home Appliances,JNE-OHB2NBLA-400,OH-B2N Black,142830,10,"oraimo SmartBlender Sleek countertop blender (OH-B2N) - 1.5L AS plastic jar with scale and handle, 500W rated (2 speed settings up to 240W/23,000RPM), ice-crushing blades, non-slip base, safety interlock, quick self-clean mode.",
Oraimo OSV-252A Stick Vacuum,Home Appliances,JNE-OSV252A-949,OSV-252A,142830,10,"oraimo CordForce Flex corded stick vacuum (OSV-252A) - 550W motor, switches between stick and handheld modes, E12 HEPA filtration with dual sponge filters, lightweight ABS body, self-standing design, includes upholstery brush and long suction nozzle.",
"oraimo Watch Nova AM Smartwatch (OSW-812, Light Chrome)",Smart Watches,JNE-OSW812LI-743,OSW-812 Light chrome,155250,10,"oraimo Watch Nova AM Smartwatch (OSW-812, Light Chrome) — Vivld amoled ultimate power watch nova am.SPECS
Display Screen: 2.01'' AMOLED (390*450)
BT Version: V5.2
Material: ABS/PC/Silica gel
Battery Type: Lithium polymer
Battery Capacity: 340mAh
Charging Time: 3 hoursNormal
Using Time: 24 days
Standby Time: 60 days
Watch Size: 50.5*40*13.2mm
Weight: 41.5g
Waterproof: IP68",
"oraimo SpaceBuds Earbuds (OTW-630, Space Grey)",Headphones & Earbuds,JNE-OTW630SP-733,OTW-630 SPACE GREY,167670,10,"Space Pods. SPECS
Bluetooth Version: V5.4
Range: 10m
Music Playtime: Up to 11 hours, the case provides additional 29 hours (ANC OFF); Up to 8 hours, the case provides additional 21 hours (ANC ON)
Battery Capacity: 76mAh (each earbud)
Charging Time: Approx. 1.5 hours
*oraimo Lab test results",
"oraimo BoomPop Pro Headphones (OHP-917, Graphite)",Headphones & Earbuds,JNE-OHP917GR-982,OHP-917 Graphite,167670,10,"SPECS
Bluetooth Version: V5.4
Bluetooth Range: 10m
Playtime: Up to 82 hours (ANC OFF); up to 53 hours (ANC ON)
Charging Time: Approx. 2 hours
Charging Port: Type-C",
oraimo SmartBlender (OH-B1),Home Appliances,JNE-OHB1-470,OH-B1,167670,10,"Blender oraimo UK OH-B1 Black. SPECS
Rated power: AC220-240V 50Hz 500W
Capacity: 1.5L
Model：OH-B1",
"oraimo OpenCirclet 2 Neckband Earphones (OPN-672, Black)",Headphones & Earbuds,JNE-OPN672BL-691,OPN-672 Black,186300,10,"Neck earphones. SPECS
Bluetooth Version: V5.4BT
Range: ≥10m
Playtime: Up to 16 hours
Charging Port: Type-C
*oraimo Lab test result",
"oraimo Watch 5R Pro Smartwatch (OSW-830, Black)",Smart Watches,JNE-OSW830BL-296,OSW-830 Black,186300,10,"oraimo Watch 5R Pro Smartwatch (OSW-830, Black) — Innovative display heartfelt care oraimo watch 5r pro. SPECS
Display Screen: 1.43"" AMOLED
BT Version: V5.3
Material: ABS/PC/Zinc alloy
Battery Capacity: 300mAh
Battery Type: Lithium polymer
Rated Voltage: 5V
Charging Time: 2.5 hours
Normal Usage Time: 11 days
Standby Time: More than 32 days
Watch Size: 46.5*11.4mm
Weight: 63.97g (with strap)
Waterproof: IP68
*oraimo Lab test results.",
Oraimo OEI-801A,Charges & Cables,JNE-OEI801A-821,OEI-801A,180090,10,"oraimo SmartIron 2-in-1 steaming iron (OEI-801A) - 1460-1740W rated power, ABS+ceramic soleplate, 130ml water tank, 6 steam levels, ~25-second heat-up, 180° foldable handle, compact 186x78x107mm design for travel.",
"oraimo OpenArc Earbuds (OPN-675, AFR)",Headphones & Earbuds,JNE-OPN675AF-171,OPN-675 AFR,186300,10,"oraimo OpenArc Earbuds (OPN-675, AFR) — Feel the freedom wear the comfort openarc. SPECS
Bluetooth Version: V5.4
Bluetooth Range: 10m
Playtime: Up to 8 hours; the case provides an additional 28 hours.
Charging Time: Approx. 1.5 hours
Charging Port: Type-C
*oraimo Lab test results",
oraimo Watch Nova RV Smartwatch (OSW-822N),Smart Watches,JNE-OSW822N-146,OSW-822N,186300,10,"SPECS
Display Screen: 1.39"" Full Touch Color Screen
BT Version: V5.3
Material: ABS/PC/Zinc alloy
Battery Capacity: 300mAh
Battery Type: Lithium polymer
Rated Voltage: 5V
Charging Time: 3 Hours
Normal Usage Time:  6 Days
Waterproof: IP68
Standby Time: More than 21 Days
Watch Size: 48.3*12.2mm (without strap)
Weight: 74.73g (without strap）",
oraimo SmartClipper Pro Max Hair Clipper (OCL-560),Personal Care Appliances,JNE-OCL560-777,OCL-560,204930,10,"SPECS
Product Size: 180*56.7*38.8mm
Product Material: Aluminum alloy+PC
Blade Material: Stainless steel+DLC coating
Rated Input: 5V⎓3A
Rated Power: 15W
Battery Capacity: 3.7V/4500mAh
Charging Time: 1.5-2 Hours
Full Run Time: 5 Hours",
Oraimo OMJ-201A Slow Juicer (Graphite Grey),Home Appliances,JNE-OMJ201A-333,OMJ-201A,204930,10,"oraimo EasyJuice Mini portable slow juicer (OMJ-201A) - 130W motor, 500ml capacity, slow-press/masticating extraction with automatic pulp separation, no added water needed, compact coke-bottle-sized body (125x100x360mm), <70dB noise.",
oraimo Boom Wireless Speaker (OBS-75D),Speakers & Home Theaters,JNE-OBS75D-891,OBS-75D,211140,10,"SPECS
Size: 360*132*133mm
BT Version: V5.0
BT Range: 10m
Frequency Response: 85Hz~16KHz
Battery Capacity: 3600mAh
Play Time: 6 hours (Lights On); 7 hours (Lights Off)
Speaker Output: 30W
Model: OBS-75D",
oraimo SwiftDry Hair Dryer (OHD-550N),Personal Care Appliances,JNE-OHD550N-396,OHD-550N,217350,10,"SPECS
Product Material: PC+ABS
Rated Voltage: 220-240V~/50-60Hz
Rated Power: 1700-2000W",
"oraimo SmartAirFryer (OH-AF210N, Black)",Home Appliances,JNE-OHAF210N-181,OH-AF210N,217350,10,"AirFryer oraimo OH-AF210N Black UK. SPECS
Size: 34.5*26*28.5cm
Material(Frying Basket): 304 stainless steel
Material(Grill Pan): Aluminum plated plate+non-stick pot coating
Weight: 3.9KGS±3%
Power Plug Type: UK
Temperature Control: 90-200 ℃, with a temperature difference of<15 degrees
Input Voltage: 220V/50Hz
Power Rating: 1500W",
"oraimo PowerJet 130 Power Bank (OPB-727SQ, Black)",Power Banks,JNE-OPB727SQ-975,OPB-727SQ,285660,10,"POWER BANK-ORAIMO 130-W BLACK. SPECS
Capacity/Energy: 27600mAh/99.3Wh
Input (Type-C1): 5V⎓3A; 9V⎓3A; 12V⎓3A; 15V⎓3A; 20V⎓5A (100W Max)
Output(Type-C1): 5V⎓3A; 9V⎓3A; 12V⎓3A; 15V⎓3A; 20V⎓5A (100W Max)
Output(Type-C2): 5V⎓3A; 9V⎓3A; 12V⎓2.5A; 15V⎓2A (30W Max)
Output(USB-A): 5V⎓3A; 5V⎓4.5A; 4.5V⎓5A; 9V⎓2.5A; 12V⎓2A (24W Max)
Output(C1+C2): 100W+30W (Total 130W Max)
Output(C1+A): 100W+24W (Total 124W Max)
Output(C2+A): Total 30W Max
Output(C1+C2+A): 100W+30W (Total 130W Max)
Contains: Power Bank*1, 100W USB-C to USB-C Charging Cable*1, Travvel Pouch*1
Compatible with the majority of devices such as Apple, Samsung, TECNO, Infinix, HP, DELL, and Lenovo, among others
Model: OPB-727SQ",
Oraimo OMJ-501A Slow Juicer (Graphite),Home Appliances,JNE-OMJ501AG-338,OMJ-501A GRAPHITE,298080,10,"oraimo EasyJuice slow juicer (OMJ-501A) - 200W motor, 800ml capacity, 108mm large feed chute for whole fruit, 150N·m torque, ~94% juice yield, automatic pulp/juice separation, non-metallic blade to reduce oxidation, size 190x165x452mm.",
oraimo SpaceBox Pro Wireless Speaker (OBS-682),Speakers & Home Theaters,JNE-OBS682-987,OBS-682,335340,10,"Wireless Speaker. SPECS
Product Size: 328*152*138mm
Bluetooth Version: V5.4
Bluetooth Range: 10m
Frequency Response: 50Hz-20KHz
Battery Capacity: 5000mAh/7.4V
Playtime: 13 Hours (Maximum Volume), 20 Hours (Medium Volume)
Speaker Output: 80W
Play Mode：Bluetooth, AUX-In, Memory Card, USB Drive, Built-In Mic, 6.35 Mic-In
*oraimo Lab test results",
"oraimo Watch Pro AM Smartwatch (OSW-811H, Black)",Smart Watches,JNE-OSW811HB-203,OSW-811H BLACK,372600,10,"oraimo Watch Pro AM smartwatch (OSW-811H) - 1.85"" AMOLED display (390x450), Bluetooth 5.2, 300mAh battery with about 2-hour charge time, up to 28 days standby / 14 days typical use, ABS/PC/aluminium-alloy build, works with the oraimo health app.",
"oraimo NutriFry Duo Air Fryer (OH-AF510N, Black)",Home Appliances,JNE-OHAF510N-489,OH-AF510N BLACK,372600,10,"AIR FRYER. SPECS
Material of the Pot: 304 Stainless Steel
Grill Material: Aluminum Plated Plate + Non-Stick Pot Coating
Rated Voltage: 220-240V 50/60Hz
Rated Power: 2800W
Capacity: 8L",
oraimo PowerCube 10 Sleek 10W Wall Charger Kit (OCW-1113UC),Charges & Cables,JNE-OCW1113U-384,OCW1113UC,15525,163,"CHARGER BIG BOXEDInput    100-240V 50-60Hz
Output    5V 2A
Cable    Micro-USB/Type-C/Lightning
Model    OCW-1111U
Features    Compact Size; Anti-sweat & Fingerprints; Multi-protection System",
Oraimo OCW-1112U+C53 Compact Wall Charger Kit,Charges & Cables,JNE-OCW1112U-564,OCW1112UM,12420,199,"Description
Product Parameters:
Model: OCW-1112UM-BLACK
Plug Type: UK Type
Color: Black
Input: 180-240V～ 50/60Hz 0.25A Max
Output: 5.0V⎓2.0A
Type: Micro-USB, Type-c, Lightning
Length: 1m
Output: 2A",
oraimo Candy 1m 2.1A Micro USB Cable,Charges & Cables,JNE-M22P-750,M22P,5175,180,"oraimo Candy 1m 2.1A Micro USB Cable — Oraimo micro usb cable ocd m22p candy.Description
Product Parameters:
oraimo Candy Micro USB Fast Charging Flat Cable

Product Features:

Output: 5V 2.1A
Plug Type: Micro USB
Length: 1m
model: OCD-M22P

Fast Charge & Sync
Selecting superior copper varnished cable core, it can achieve fast charging efficiency and transfer data to and from your devices at a high speed.

Incredibly Durable
Adopting high-quality PVC material, the cable is much more durable than a normal one.

Tangle Free
Flat design enables the cable to be tangle-free. No worry about twisting.

Creative Colours
Choose from five vibrant colors to match any device, purse, bag or room. Stand out from the crowd and easily spot your cable.",
ORAIMO Type C 1 m CandyLine 2,Charges & Cables,JNE-121C-954,121C,6210,300,"ORAIMO Type C 1 m CandyLine 2 OCD-121C 2.4A Fast Charging Hi-Speed Sync (Compatible with ALL DEVICES, Light Blue, One Cable, USB Type A To USB Type C)",
"oraimo Necklace Lite Earbuds (OEB-311, Light Gold)",Headphones & Earbuds,JNE-OEB311-473,OEB311,51750,12,"NECKLACE EARBUDS. SPECS
Bluetooth Version: V5.3
Bluetooth Range: 10m
Battery Capacity: 220mAh
Playtime: Up to 30 hours
Case Input: Type-C
Model: OEB-311",
oraimo Necklace 5 Earbuds (OEB-611),Headphones & Earbuds,JNE-OEB611-266,OEB611,82800,3,"oraimo Necklace 5 Earbuds (OEB-611) — Personalized vibration alert 40 hour long playtime charges 10 mins play 12hrs sound360 spatial audio magnetic auto switch al call noise cancellation dual device connection necklace 5. SPECS
Necklace 5-0EB-611(Neckband Wireless Earphone)
Bluetooth Version: V5.4; Wireless Range: 10m;
Battery Capacity: 260mAh;
Playtime: Up to 40 hours (ANC OFF); Up to 28 hours (ANC ON);
Charging Input: Type-C",
"oraimo Duraline 4 3-in-1 Charging Cable (generic listing, likely OCD-118MCL)",Charges & Cables,JNE-3IN1-479,3 IN 1,15525,1,"Description
Product Parameters:
TYPE: USB-A to Type-C & Lightning &Micro-USB

Type-C: 3A ,60W Max
Lightning: 2.4A，12W Max
Micro-USB: 2.4A，12W Max
Transfer rate:
Type-C: Up to 480Mbps
Input: USB A
Output: Type C & Lightning & Micro-USB
Length：1.2M",
oraimo PowerNova QF1 Power Bank (OPB-7270Q),Power Banks,JNE-OPB7270Q-463,OPB7270Q,103500,3,"SPECS
PowerNova QF1 -OPB-7270Q(Power Bank)
Capacity: 27000mAh (99.9Wh); Input 1(ype-C): 5V=3A; 9V==2.22A; 12V= 1.67A;
Output 1/2(USB-A): 5V=3A; 9V=2.22A;12V=1.67A;10V=2.25A; Output 3(Type-C): 5V=3A;9V-2.22A: 12V-1.67A: 10V-2.25A
Total Output: 5V= 3A(Max) *oraimo Lab test results",
oraimo Traveler 12 Byte Power Bank (OPB-1205N),Power Banks,JNE-OPB1201P-314,OPB1201P,62100,10,"Description
Product Parameters:
Input 1 (Type-C): 5V 3A
Input 2 (Micro USB):5V 2A
Output 1/Output 2 (USB-A): 5V 3A (Max)
Output 3 (Type-C):5V 3A (Max)
Total Output: 5V 3A (Max)
*oraimo Lab test results.

Model: OPB-1201P",
"oraimo Slice Link 10000mAh Power Bank, 3 Built-in Cables (OPB-P5101)",Power Banks,JNE-OPB5101-786,OPB5101,51750,1,"SPECS
Capacity: 10000mAh (37Wh)
Input 1 Micro:5V 2A
Input 2 Type-C: 5V 2A
Output USB-A : 5V 2.4A(Max)
Output Micro Cable/Type-C Cable:
5V 2.1A",
oraimo PowerFlow B11 15W Type-C Fast Charging Power Bank (OPB-1102),Power Banks,JNE-OPB1102-373,OPB1102,41400,6,"POWER BANK. SPECS
Capacity/Energy: 10000mAh/37Wh; Input 1 (Type-C): 5V=3A, (15W Max); Output 1 (USB-A): 5V=3A,
(15W Max); Output 2 (USB-A): 5V=3A, (15W Max); Output 3 (Type-C): 5V=3A, (15W Max); Total Output:
15W Max *oraimo Lab test results
Based on Apple's official data, iPhone 15 Pro supports up to 23 hoburs of video playback per charge.
This power bank extends usage by up to 46 hours. Actual usage may vary
oraimo Lab test results for the number of charges for iPh 15 Pro.",
oraimo MagPower 15 Wireless Power Bank (OPB-7102W),Power Banks,JNE-OPB7102W-818,OPB7102W,103500,9,"SPECS
Capacity/Energy: 10000mAh/36Wh;
Input 1 (Type-C): 5V = 3A; 9V = 2.222A; 12V ==1.67A;
Output 1(USB-A): 5V = 3A; 9V = 2.22A; 12V = 1.67A; 10V = 2.25A;
Output 2(Type-C): 5V = 3A; 9V = 2.22A; 12V = 1.67A; 10V = 2.25A;
Wireless Output: 5W/7.5W/10W/15W;
Total Output:15W(Max);",
oraimo Traveler 12 Byte Power Bank (OPB-1205N),Power Banks,JNE-OPB1205-799,OPB1205,72450,1,"SPECS
Capacity: 20000mAh (74Wh)
Input 1(Type-C): 5V=2A;
Input 2(Micro-USB): 5V=2A
Output 1(USB-A): 5V= 2.4A
Output 2(USB-A): 5V=2.4A
Output 3(Type-C): 5V=2.4A
Total Output: 5V== 2.4A (Max)",
oraimo PowerBox 400 Vision Power Bank (OPB-7400Q),Power Banks,JNE-OPB7400Q-763,OPB7400Q,207000,3,"oraimo PowerBox 400 Vision power bank (OPB-7400Q) - 40,000mAh/148Wh capacity; Type-C and Micro-USB inputs; up to four outputs (three USB-A, one Type-C) with fast-charge profiles up to 12V; 225W-class fast charging support.SPECS
Capacity: 40000mAh (148Wh);
Input 1(Type-C): 5V ⎓ 3A, 9V ⎓ 2A, 12V ⎓ 1.5A;
Input 2(Micro-USB): 5V ⎓ 2A, 9V ⎓ 2A, 12V ⎓ 1.5A;
Output 1(USB-A): 5V ⎓ 3A, 9V ⎓ 2A, 10V ⎓ 2.25A, 12V ⎓ 1.5A;
Output 2(USB-A): 5V ⎓ 3A, 9V ⎓ 2A, 10V ⎓ 2.25A, 12V ⎓ 1.5A;
Output 3(USB-A): 5V ⎓ 3A;
Output 4(Type-C): 5V ⎓ 3A, 9V ⎓ 2.2A, 12V ⎓ 1.75A;
Total Output: 15W Max",
oraimo PowerBox 300 Lite Power Bank (OPB-1301),Power Banks,JNE-OPB1301-173,OPB1301,155250,1,"oraimo PowerBox 300 Lite Power Bank (OPB-1301) — Powering beyond one week 15w 30000mah power bank powerbox 300 lite. SPECS
Capacity: 30000mAh (111Wh)
Input 1(Micro-USB): 5V/2A
Input 2(Type-C): 5V/3A
Output 1(Type-C): 5V/3A
Output 2(USB-A): 5V/3A
Output 3(USB-A): 5V/3A
Total Output: 5V/3A (Max)",
"oraimo Toast 15 Flash 10000mAh Power Bank (OPB-1100D, Light Gold)",Power Banks,JNE-OPB1100D-723,OPB1100D,46575,15,"Power Bank 10000mAh without Cable. SPECS
Capacity: 10000mAh (37 Wh)
Input 1(Micro-USB): 5V/2A
Input 2(Type-C): 5V/3A
Output 1(USB-A)：5V/3A(Max)
Output 2(USB-A)：5V/3A(Max)
 Output 3(Type-C)：5V/3A(Max)
Total Output: 5V/3A (Max)",
"oraimo Watch 5 Lite Smartwatch (OSW-804, Black)",Smart Watches,JNE-OSW804-750,OSW804,77625,9,"oraimo Watch 5 Lite smartwatch (OSW-804) - 2.01"" TFT display (240x296), Bluetooth 5.3, PC+ABS body, 300mAh lithium-polymer battery (about 3-hour charge), up to 7 days typical use / 28+ days standby, IP68 water resistance, 44g weight. SPECS
Display Screen: 2.01 "" TFT 240*296
Wireless Version: V5.3
Material: PC+ABS
Battery Type: Lithium polymer
Battery Capacity: 300mAh
Charging Time: 3 hours
Normal Usage Time: 7 days
Standby Time: More than 28 days
Weight: 44g
Watch Size: 53.6*40.7*12.2mm
Waterproof: IP68
*oraimo Lab test results",
"oraimo Watch 6 Smartwatch (OSW-807, Chrome)",Smart Watches,JNE-OSW807-275,OSW807,82800,3,"oraimo Watch 6 smartwatch (OSW-807) - 2.04"" TFT display, Bluetooth 5.3, ABS/PC/zinc-alloy body, 300mAh lithium-polymer battery (about 3-hour charge), up to 8 days typical use / 33+ days standby, IP68 water resistance. SPECS
Watch 6 - OSW-807 (Smart Watch)
Display Screen: 2.04"" TFT; BT Version: V5.3; Material: ABS/PC/Zinc alloy
Battery Capacity: 300mAh; Battery Type: Lithium polymer; Rated Voltage: 5V
Charging Time: 3 hours; Normal Usage Time: 8 days; Standby Time: More than 33 days;
Watch Size: 48.9*41*11.2mm (without strap); Weight: 57.2g (with strap)",
"oraimo Watch Nova AM Smartwatch (OSW-812, Light Chrome)",Smart Watches,JNE-OSW812-646,OSW812,134550,4,"oraimo Watch Nova AM Smartwatch (OSW-812, Light Chrome) — Vivld amoled ultimate power watch nova am. SPECS
Display Screen: 2.01'' AMOLED (390*450)
BT Version: V5.2
Material: ABS/PC/Silica gel
Battery Type: Lithium polymer
Battery Capacity: 340mAh
Charging Time: 3 hoursNormal
Using Time: 24 days
Standby Time: 60 days
Watch Size: 50.5*40*13.2mm
Weight: 41.5g
Waterproof: IP68",
"oraimo Watch 5R Pro Smartwatch (OSW-830, Black)",Smart Watches,JNE-OSW830-846,OSW830,155250,2,"oraimo Watch 5R Pro Smartwatch (OSW-830, Black) — Innovative display heartfelt care oraimo watch 5r pro. SPECS
Display Screen: 1.43"" AMOLED
BT Version: V5.3
Material: ABS/PC/Zinc alloy
Battery Capacity: 300mAh
Battery Type: Lithium polymer
Rated Voltage: 5V
Charging Time: 2.5 hours
Normal Usage Time: 11 days
Standby Time: More than 32 days
Watch Size: 46.5*11.4mm
Weight: 63.97g (with strap)
Waterproof: IP68
*oraimo Lab test results.",
oraimo Watch Nova RV Smartwatch (OSW-822N),Smart Watches,JNE-OSW822N-350,OSW822N,207000,1,"oraimo Watch Nova RV Smartwatch (OSW-822N) — Ai powered video faces live camera ai generated video watch faces anti scratch panda glass heart rate blood oxygen monitor up to 6 day usage with two free watch straps watch nova rv. SPECS
Display Screen: 1.39"" Full Touch Color Screen
BT Version: V5.3
Material: ABS/PC/Zinc alloy
Battery Capacity: 300mAh
Battery Type: Lithium polymer
Rated Voltage: 5V
Charging Time: 3 Hours
Normal Usage Time:  6 Days
Waterproof: IP68
Standby Time: More than 21 Days
Watch Size: 48.3*12.2mm (without strap)
Weight: 74.73g (without strap）",
oraimo SmartTrimmer 2 Pro (OTR-280),Personal Care Appliances,JNE-OTR210-267,OTR210,72450,2,"Description
Product Parameters:
Charging Time: 1.5 Hours
Working Time: 1.5 Hours
Accessories: 4 Combs
Model：OTR-210
Market Name：SmartTrimmer Home",
oraimo SmartClipper Plus Hair Clipper (OCL-210),Personal Care Appliances,JNE-OCL210-573,OCL210,82800,3,"SPECS
Size    166.7mm*45.2mm*33.5mm
Material    Aluminum alloy+stainless steel
Battery Capacity    18650 3.7V/1200mAh
Charging    DC 5V 2A，Anifast
Vibrate    280 3.0V ;6500RPM
Moving knife adjustment    0.1-2.0mm
Limiting comb    3、6、9、12mm
Model    OCL-210",
oraimo EasyShave Shaver (ORS-280),Personal Care Appliances,JNE-ORS280-488,ORS280,103500,3,"SPECS
Input: 5V⎓1A
Rated Power: 5W
Charging Time: 1.5 Hours
Run Time: 1 Hour
Battery Capacity: 800mAh",
"oraimo SmartTrimmer 2 (OPC-TR12, approximate match for OPC-TR13N)",Personal Care Appliances,JNE-OPCTR13N-376,OPC-TR13N,77625,1,"oraimo SmartTrimmer 2 (OPC-TR12, approximate match for OPC-TR13N) — Long lasting battery performance smart trimmer 2. SPECS
Rated Voltage: 5V
Rated Power: 5W
Charging Time: 2 hours
Working Time: 2.5 hours
Model：OPC-TR12",
oraimo SmartClipper Pro Max Hair Clipper (OCL-560),Personal Care Appliances,JNE-CLIPPERP-755,CLIPPER PRO MAX,,1,"oraimo SmartClipper Pro Max Hair Clipper (OCL-560) — Pro grade design enduring excellence smartclipper pro max. SPECS
Product Size: 180*56.7*38.8mm
Product Material: Aluminum alloy+PC
Blade Material: Stainless steel+DLC coating
Rated Input: 5V⎓3A
Rated Power: 15W
Battery Capacity: 3.7V/4500mAh
Charging Time: 1.5-2 Hours
Full Run Time: 5 Hours",
"oraimo SpaceBuds Neo Earbuds (OTW-323, Black)",Headphones & Earbuds,JNE-OTW323-804,OTW323,56925,5,"oraimo SpaceBuds Neo Earbuds (OTW-323, Black) — Immersive sound everywhere spacebuds neo.SPECS
Bluetooth Version: V5.4
Bluetooth Range: 10m
Playtime: Up to 5 hours, the case provides additional 25 hours
Case Input:  Type-C
*oraimo Lab test results",
"oraimo SpaceBuds Lite Earbuds (OTW-324, Speed Black)",Headphones & Earbuds,JNE-OTW324-670,OTW324,56925,5,"oraimo SpaceBuds Lite Earbuds (OTW-324, Speed Black) — Powerful bass pure immersion spacebuds lite. SPECS
Bluetooth Version: V5.4
Range: 10m
Playtime: Up to 7 hours; the case provides
additional 33 hours.
Case Input: Type-C
*oraimo Lab test results",
"oraimo SpaceBuds Neo+ Earbuds (OTW-323P, Black)",Headphones & Earbuds,JNE-OTW323P-324,OTW323P,67275,3,"oraimo SpaceBuds Neo+ Earbuds (OTW-323P, Black) — Tune in noise out active noise cancellation elegant metallic design 30 hour long playtime sound360 spatial audio spacebuds neo. SPECS
Bluetooth Version: V5.4
Range: 10m
Playtime:
Up to 5 hours, the case provides additional 25 hours (ANC OFF)
Up to 4 hours, the case provides additional 20 hours (ANC ON)
Case Input: Type-C
*oraimo Lab test results",
"oraimo Wireless Earbuds (OTW-330S, Black)",Headphones & Earbuds,JNE-OTW330S-801,OTW330S,56925,8,"oraimo FreePods Neo true wireless earbuds (OTW-330S) - Bluetooth 5.3, half-in-ear fit, 12.4mm drivers, 6-mic ENC for calls, Sound360 spatial audio, up to 50 hours total playtime (7h buds + 43h case), AniFast fast charge, IPX4 water resistance.",
"oraimo SpaceBuds Earbuds (OTW-630, Space Grey)",Headphones & Earbuds,JNE-OTW630-432,OTW630,155250,2,"Space Pods SPECS
Bluetooth Version: V5.4
Range: 10m
Music Playtime: Up to 11 hours, the case provides additional 29 hours (ANC OFF); Up to 8 hours, the case provides additional 21 hours (ANC ON)
Battery Capacity: 76mAh (each earbud)
Charging Time: Approx. 1.5 hours
*oraimo Lab test resul",
"oraimo SpaceBuds Z Earbuds (OTW-625, Black)",Headphones & Earbuds,JNE-OTW625-963,OTW625,155250,2,"oraimo SpaceBuds Z Earbuds (OTW-625, Black) — Clarity in every beat spacebuds z. SPECS
Bluetooth Version: V5.4
Range: 10m
Playtime:
Up to 10 hours; the case provides additional 28 hours. (ANC OFF)
Up to 8.5 hours; the case provides additional 23.5 hours. (ANC ON)
Case Input:  Type-C",
oraimo SpaceBuds N Earbuds (OTW-626N),Headphones & Earbuds,JNE-OTW626-886,OTW626,67275,1,"oraimo SpaceBuds N Earbuds (OTW-626N) — Pure sound crisp call spacebuds n. SPECS
Bluetooth Version: V5.4
Range: 10m
Playtime: Up to 10 hours, the case provides additional 28 hours (ANC OFF);
Up to 8.5 hours, the case provides additional 23.5 hours (ANC ON)
Case Input: Type-C
*oraimo Lab test results",
Oraimo OEB5104DC Earbuds,Headphones & Earbuds,JNE-OEB5104D-894,OEB5104DC,,1,"Likely oraimo FreePods 3C true-wireless earbuds (closest match found online: OEB-E104DC) - dual in-ear/half-in-ear fit, 13mm HeavyBass drivers, Bluetooth 5.3, ~8h buds/36h with case, 4-mic ENC for calls, IPX5 (earbuds only). Exact SKU could not be confirmed online — please verify against the physical unit/packaging.",
"oraimo OpenArc Earbuds (OPN-675, AFR)",Headphones & Earbuds,JNE-OPN675-157,OPN 675,186300,3,"oraimo OpenArc Earbuds (OPN-675, AFR) — Feel the freedom wear the comfort openarc. SPECS
Bluetooth Version: V5.4
Bluetooth Range: 10m
Playtime: Up to 8 hours; the case provides an additional 28 hours.
Charging Time: Approx. 1.5 hours
Charging Port: Type-C
*oraimo Lab test results",
"oraimo OpenSnap Earbuds (OPN-373, Gravity Black)",Headphones & Earbuds,JNE-OPN373-334,OPN373,87975,3,"SPECS
Bluetooth Version: V5.4;
Range: 10m;
Playtime: Up to 6 hours, the case provides additional 20 hours;
Case Input: Type-C
*oraimo Lab test results",
"oraimo OpenCirclet 2 Neckband Earphones (OPN-672, Black)",Headphones & Earbuds,JNE-OPN672-941,OPN672,191475,4,"Neck earphones SPECS
Bluetooth Version: V5.4BT
Range: ≥10m
Playtime: Up to 16 hours
Charging Port: Type-C
*oraimo Lab test result",
Oraimo OCC-1152D+X93 Car Charger With Cable,Charges & Cables,JNE-OCC1152D-132,OCC1152D+X93,20700,26,"oraimo Highway 15 car charger with 3-in-1 cable (OCC-1152D-X93) - dual USB-A car charger, 15.5W total output (5V/3.1A per port), LED light ring, bundled with a 1.2m 3-in-1 (Micro-USB/Type-C/Lightning) charging cable rated 5V/3A.",
oraimo Bullet 48 Car Charger (OCC-73D),Charges & Cables,JNE-OCC73D-924,OCC-73D,36225,9,"oraimo Bullet 48 Car Charger (OCC-73D) — Small size ultra fast bullet 48. SPECS
Input: DC 12～24V
Output1 USB-A: 5V/3A, 9V/2A, 12V/1.5A
Output2 Type-C: 5V/3A, 9V/3A, 11V/2.72A",
Oraimo E320S,Charges & Cables,JNE-E320S-423,E320S,10350,99,"oraimo Conch-family 3.5mm wired in-ear earphone (closest naming match: OEP-E320S/Conch line) - typically ~10mm driver, in-line mic, 1.2m cable. Exact SKU and full spec sheet could not be confirmed online — please verify against the physical unit/packaging.",
ORAIMO OCD-114M 2A USB CABLE,Charges & Cables,JNE-114M-510,114M,5175,45,"NORMAL CABLE. Connection Type: Micro USB 2.0 Type-B
Length: 1M
Material: Nylon Braided Cable with Metal Shell
Data Transfer Rate: 480 Mbps
Chraging: 2.4A Fast Charging
Compatibility: Mobile, Charger, Laptop, etc,.",
"oraimo BoomPop Pro Headphones (OHP-917, Graphite)",Headphones & Earbuds,JNE-OHP917-374,OHP917,155250,4,"oraimo BoomPop Pro Headphones (OHP-917, Graphite) — Silence meets clarity boompop pro. SPECS
Bluetooth Version: V5.4
Bluetooth Range: 10m
Playtime: Up to 82 hours (ANC OFF); up to 53 hours (ANC ON)
Charging Time: Approx. 2 hours
Charging Port: Type-C",
"oraimo BoomPop Lite Headphones (OHP-317, Black)",Headphones & Earbuds,JNE-OHP317-167,OHP317,103500,1,"WIRELESS H P SPECS
Connectivity: Bluetooth 5.3 and 3.5mm AUX cable

Bluetooth Range: ≥10m

Speaker Diameter: 40mm

Playtime: Up to 65 hours

Charging Port: Type-C",
"Oraimo TECNO Phone Battery (generic listing, likely BL-5CAT 1150mAh)",Batteries,JNE-TECHNOBA-316,TECHNO BATTRIES,10350,48,Tecno BL-51CAT 1150mAh,
Oraimo Phone Battery 1150mAh (generic listing),Batteries,JNE-ORAIMOBA-680,ORAIMO BATTRIES 1150,10350,4,"Bat Oraimo
Product Specifications
Battery Cell Type    Li-ion battery
Capacity    1150mAh",
Oraimo Phone Battery 1000mAh (generic listing),Batteries,JNE-ORAIMOBA-997,ORAIMO BATTRIES 1000,9315,34,"BAT oraimo BL-5CAR-I 1000mAh by sea P1. Description
Oraimo Battery BL-5CAR-I

Introducing our cutting-edge BL-5CAR-I re-chargeable battery,

a powerful solution designed to enhance your electronic devices.

This high-performance source boasts a capacity of 1000mAh,

ensuring prolonged usage and reliability. Its sleek

and sophisticated black color adds a touch of elegance to your devices.
The BL-5CAR-I is engineered to provide a seamless

and uninterrupted power supply for various applications,

from portable electronics to smart gadgets. Its compact design

makes it easy to integrate into your devices without compromising on power.

Whether you're on the go or working from home, this battery offers

the flexibility and endurance needed to keep your devices running smoothly.
Say goodbye to the inconvenience of frequent re-charging

Oraimo Battery BL-5CAR-I",
Spray Mop,Home Appliances,JNE-SPRAYMOP-835,SPRAY MOP,72450,2,Generic spray mop (cleaning tool with a refillable/spray water tank and a microfiber mop head). Not an oraimo-branded product — brand/model could not be identified online. Please verify exact product/SKU from the item itself.,
oraimo RobustLine OCD-114CL Cable (Built To Last Longer),Charges & Cables,JNE-114CL-422,114CL,15525,9,"oraimo RobustLine OCD-114CL Cable (Built To Last Longer) — Built to last longer robustline. SPECS
Type: Type-C to Lightning;
Length: 1m;
Output: 5V⎓3A, 9V⎓3A, 15V⎓2A",
oraimo RobustLine OCD-114CC 60W Ultra Fast Charge Cable,Charges & Cables,JNE-114CC-317,114CC,11385,110,"oraimo RobustLine OCD-114CC 60W Ultra Fast Charge Cable — 60w ultra fast charge robustline. SPECS
Type: Type-C to Type-C;
Length: 1.5m;
Output: 20V⎓3A; 15V⎓3A; 9V⎓3A; 5V⎓3A",
Oraimo ODL-202A,Smart Lighting,JNE-ODL202A-771,ODL202A,56925,1,"oraimo SmartLamp Table (ODL-202A) - 2-in-1 table lamp and flashlight, 5W LED, built-in 2000mAh rechargeable battery, adjustable colour temperature, stepless brightness control, 180° adjustable head, self-standing base.",
oraimo SpaceBox Wireless Speaker (OBS-382),Speakers & Home Theaters,JNE-OBS382-611,OBS382,103500,4,"oraimo SpaceBox Wireless Speaker (OBS-382) — Grab the bass light up the fun spacebox.SPECS
Product Parameters:

Size: 146*72*50mm

Weight: 280g

Bluetooth version：V5.4

Battery Capacity：1800mAh/3.7V

Frequency Response: 80Hz-20KHz

Playtime: 5H(Max vol),16H(Med vol)

Audio Output: 8W

Transmission distance: 10m

Material: Plastic&Metal

Color：Space Grey

Charging Input: Type-C

Play Mode: BT, TF card, FM radio

Model: OBS-382",
oraimo PowerCube 6W Wall Charger,Charges & Cables,JNE-OCW106-505,OCW 106,10350,133,"oraimo PowerCube 61 Wall Charger Kit (OCW-1061U — ""OCW 106"" appears to be a shorthand of this) — Oraimo powercube 61 6w portable charging charger kit.",
Oraimo OVB522A,Charges & Cables,JNE-OVB522A-758,OVB522A,,2,"Description
Product Parameters:
Material: PP+SUS 304
Capacity:1.2L",
Oraimo OEC201A - Pressure Cooker,Home Appliances,JNE-OEC201A-569,OEC201A,,1,Model not identifiable online — no matching oraimo product found. Please verify exact product/SKU from the item itself.,
"Oraimo Cannon 18S 18W Type-C Wall Charger Kit (OCW-5184U+C53, likely variant of OCW5184UC)",Charges & Cables,JNE-OCW5184U-246,OCW5184UC,20700,30,"Charger kit oraimo UK OCW-5184U+C53BlackStable 18W Fast Charging – Rapid and consistent power delivery

AniFast™ Technology – Advanced tech for faster and more efficient charging

Smart Temperature Management – Prevents overheating for safe operation

Smart Control – Built-in protection against over-current, over-voltage, and short circuits

Protocol Detection – Automatically adjusts to QC3.0 and PE2.0 for optimal speed

Charging Indicator Light – Shows real-time charging status

🧳 Design & Convenience

Lightweight & Portable – Easy to carry, ideal for travel

Safe Charging System – Multi-layer protection ensures device and user safety

Includes USB-C Cable – Full compatibility with modern Type-C devices",
Oraimo OCD-114CJ Cable (likely a RobustLine 114C variant — please verify exact connector type),Charges & Cables,JNE-OCD114CJ-371,OCD114CJ,5175,18,"Likely an oraimo RobustLine OCD-114C-series charge/data cable (naming matches the 114C reinforced USB-A to USB-C cable family), but the exact connector variant could not be confirmed online. Please verify exact product/SKU from the item itself.
Brand Name    Oraimo
Connector Type    USB 2.0
Cable Type    USB
Compatible Devices    Smartphone, Tablet, Laptop, USB-C enabled devices
Special Features    Rugged Design
Compatible Phone Models    Likely compatible with USB-C enabled smartphones, specific models not listed
Recommended Uses For Product    Charging
Ethernet Cable Category    Cat 5e
Color    Black
Connector Gender    Male-to-Male",
oraimo RobustLine OCD-114CL Cable (Built To Last Longer),Charges & Cables,JNE-OCD114L-242,OCD 114L,10350,8,"oraimo RobustLine OCD-114CL Cable (Built To Last Longer) — Built to last longer robustline.SPECS
Type: Type-C to Lightning;
Length: 1m;
Output: 5V⎓3A, 9V⎓3A, 15V⎓2A",
oraimo OML-501A Magnetic Night Light (White),Smart Lighting,JNE-OML501A-352,OML501A,80730,1,"oraimo OML-501A Smart Lamp / magnetic tube RGB light - 12 colour modes, 5-level dimming, 2 colour-temperature settings, magnetic mounting, remote control, up to 18+ hours working time.",
Oraimo OH-PB1N Blender (Black),Home Appliances,JNE-OHPB1N-862,OHPB1N,136620,2,"oraimo SmartBlender Go portable blender (OH-PB1N) - 500ml Tritan cup, 75W motor, 304 stainless-steel ice-crushing blades, dual 2000mAh batteries (4000mAh total, ~8-10 blends/charge), USB-C recharging, self-clean function, IPX5 water resistance.",
oraimo MagCable Magnetic Cable (OCD-710CC),Charges & Cables,JNE-OCD710CC-674,OCD710CC,18630,3,"oraimo MagCable Magnetic Cable (OCD-710CC) — Magnetic tangle free cable magcable.SPECS
Type: Type-C to Lightning
Output:  5V/2.4A, 9V/2.2A, 20W
Length: 1m
Color: Black",
oraimo PowerNova L11 Power Bank (OPB-7103C),Power Banks,JNE-OPB7103C-651,OPB7103C,67275,1,"oraimo PowerNova L11 Power Bank (OPB-7103C) — Pocket sized portable 225w fast charge powernova l11. SPECS
Capacity/Energy: 10000mAh / 37Wh
Input (Type‑C 1 Cable): 5V⎓3A; 9V⎓2.22A; 12V⎓1.67A (20W Max)
Input (Type‑C 2): 5V⎓3A; 9V⎓2.22A; 12V⎓1.67A (20W Max)
Output (Type‑C 1 Cable):
5V⎓3A; 9V⎓2.22A; 10V⎓2.25A; 12V⎓1.67A (22.5W Max)
Output (Type‑C 2): 5V⎓3A; 9V⎓2.22A; 10V⎓2.25A; 12V⎓1.67A (22.5W Max)
Output (USB‑A): 5V⎓3A; 9V⎓2.22A; 10V⎓2.25A; 12V⎓1.67A (22.5W Max)
Total Output: 5V⎓3A (15W Max",
oraimo PowerFlow L1 Power Bank (OPB-1103),Power Banks,JNE-OPB1103-369,OPB1103,41400,2,"oraimo PowerFlow L1 power bank (OPB-1103) - 10,000mAh/37Wh capacity; Type-C input 5V/3A (15W max); two USB-A outputs and one Type-C output, each up to 5V/3A (15W max); total output 15W max.SPECS
Capacity/Energy: 10000mAh/37Wh; Input (Type‑C): 5V⎓3A (15W Max); Output 1 (USB‑A): 5V⎓3A (15W Max); Output 2 (USB‑A): 5V⎓3A (15W Max); Output 3 (Type‑C): 5V⎓3A (15W Max);
Total Output: 15W Max
*oraimo Lab test results for the number of charges for iPhone17 Ai",
oraimo Watch 2R Smartwatch (OSW-30),Smart Watches,JNE-OSW30-864,OSW30,82800,2,"oraimo Watch 2R Smartwatch (OSW-30) — Connect talk amplify your life watch 2r. SPECS
Screen Size: 1.39"" TFT 360*360
BT Version: V5.2
Battery Capacity: 260 mAh
Battery Type: Lithium polymer
Charging Time:2h
Standby Time: 7 days
Waterproof: IP68
Watch Size: 46*46*11mm（without strap）
Weight: 39.8 g（with strap）
Material: ABS/PC/Silica Gel
Model: OSW-30
*oraimo Lab test result",
oraimo Watch 6 Lite Smartwatch (OSW-809),Smart Watches,JNE-OSW809-698,OSW809,82800,2,"oraimo Watch 6 Lite Smartwatch (OSW-809) — One watch all day care watch 6 lite. SPECS
Display Screen: 2.01"" TFT (240*296)
Wireless Version: V5.3
Material: ABS/PC
Battery Type: Lithium Polymer
Battery Capacity: 300mAh
Charging Time: 3 hours
Normal Usage Time: 7 days
Standby Time: 30 days
Watch Size: 48.2*38.8*11.1mm
Weight: 42g
Waterproof: IP6",
"oraimo Watch 5 Smartwatch (OSW-805, Berry Grey)",Smart Watches,JNE-OSW805-538,OSW805,103500,1,"oraimo Watch 5 Smartwatch (OSW-805, Berry Grey) — Vivid thin tough design watch 5.SPECS
Display Screen: 2.01'' TFT 240*296
Wireless Version: V5.2
Material: ABS/PC/Modified silica gel
Battery Type: Lithium polymer
Battery Capacity: 300mAh
Charging Time: 3 hours
Normal Using Time: 7 days
Standby Time: 30 days
Watch Size: 48*38*10.8mm
Weight: 41.4g
Waterproof: 1ATM",
Oraimo OCW-53510CC Charger,Charges & Cables,JNE-OCW53510-697,OCW53510CC,41400,4,"Brand: Oraimo
Model: OCW-5351ECC
Type: Wall Charger
Port: 1 Port
Power: 35 watt
Color: Black
Type-C to Type-C Cable
GaN Tech Smaller and Faster
9 Layers of Safety
PE2.0 QC3.0 PD3.0 Compatible",
"oraimo PowerGaN 451 Charger (OCW-5451UCC, likely variant of OCW-5451ECC)",Charges & Cables,JNE-OCW5451U-508,OCW5451UCC,51750,2,"oraimo PowerGaN 451 Charger (OCW-5451UCC, likely variant of OCW-5451ECC) — Fast charging perfected powergan 451.SPECS
Model: OCW-5451E
Plug Type: EU Type
Input: 100V-240V~50/60Hz, 1.2A Max
Output: 5.0V⎓ 3.0A; 9.0V⎓ 3.0A; 12V⎓ 3.0A; 15V⎓ 3.0A; 20V⎓ 2.5A;
Cable Type: Type-C to Type-C
Length: 1m
Output: 3A
Output Power: 45W Max",
"oraimo PowerCube 201 Charger (OCW-5203UCC, likely variant of OCW-5203ECC)",Charges & Cables,JNE-OCW5203U-470,OCW5203UCC,25875,3,"oraimo PowerCube 201 wall charger (OCW-5203ECC) with 1m Type-C to Type-C cable - EU-plug GaN charger; Type-C output up to 20W (5V/3A, 9V/2.22A, 12V/1.67A), USB-A output up to 18W (5V/3A, 9V/2A, 12V/1.5A), combined output 15W max when both ports are used. SPECS
Charger
Plug Type: Europe Type
Input: 180-240V~50/60Hz 0.5A Max
Output 1(Type-C): 5.0V⎓3.0A; 9V⎓2.22A; 12V⎓1.67A 20W Max
Output 2(USB-A): 5.0V⎓3.0A; 9V⎓2.0A; 12V⎓1.50A 18W Max
Output 1(Type-C)+Output 2(USB-A): 5V⎓3.0A 15W Max
Cable
Type: Type-C to Type-C
Length: 1m
Output: 3A",
"Oraimo 10W Wall Charger Kit OCW-1111U+L53 (Lightning cable, Black)",Charges & Cables,JNE-OCW1111U-324,OCW1111U +L53,15525,49,"iPhone CHARGERInput
100-240V 50-60Hz
Output
5V⎓2A
Cable
Lightning
Product Features
Compact Size Anti-sweat & Fingerprints Multi-protection Syste",
Oraimo OCD-121L Cable (likely a CandyLine 121 variant — please verify),Charges & Cables,JNE-OCD121L-241,OCD121L,6210,140,"ORAIMO Type C 1 m CandyLine 2 OCD-121C 2.4A Fast Charging Hi-Speed Sync (Compatible with ALL DEVICES, Light Blue, One Cable, USB Type A To USB Type C)",
"oraimo Traveler Link 20 Power Bank (OPB-P5201, likely variant of OPB5201)",Power Banks,JNE-OPB5201-621,OPB5201,72450,7,"SPECS
Capacity: 20000mAh (74 Wh)
Input 1(Micro-USB Port): 5V/2A
Input 2(Type-C Port): 5V/2A
Input 3(USB-A Cable): 5V/2A
Output 1(USB-A Port): 5V/2.4A
Output 2(Micro-USB Cable): 5V/2.1A
Output 3(Lightning Cable): 5V/2.1A
Output 4(Type-C Cable): 5V/2.1A
Total Output: 5V/2.4A (Max)",
AKZ29 Headphone,Headphones & Earbuds,JNE-AKZ29-605,AKZ29,,1,"Specifications:

Bluetooth-compatible version: Bluetooth-compatible V5.3+EDR
Transmission distance: 10 meters
Charging time: 2.5-3 hours
Usage time: about 10 hours
Standby time: 60 hours
Speaker: 40 mm
Charging voltage: DC 5V
Connector: Type-C interface
Frequency response: 20 Hz-20 kHz
Battery: 200mAh rechargeable polymer battery
Functions: adjust volume, switch songs, answer calls, reject calls, hang up calls, Bluetooth-compatible playback, call replay, Bluetooth-compatible reconnection, voice prompts, battery display, MP3, FM radio",
J661 Headphone,Headphones & Earbuds,JNE-J661-193,J661,,2,"Sku
GE779EA4HS8U3NAFAMZ
Selected Variation
GE779EA4HS8U3NAFAMZ-361467411
Rating
0
Total Ratings
0
Tags
JA|TBOOST
Badges
Anniversary deal
Shop Express
false
Connectivity
Bluetooth
Colour
Orange
Model
J-661
Brand
Real
Product Type
Mobile Headphones & Earphones
Condition
Brand New
Availability
In Stock
Weight
0.3 kg",
Oraimo OCD-121L Cable (likely a CandyLine 121 variant — please verify),Charges & Cables,JNE-OCD121L-873,OCD121L,6210,140,"ORAIMO Type C 1 m CandyLine 2 OCD-121C 2.4A Fast Charging Hi-Speed Sync (Compatible with ALL DEVICES, Light Blue, One Cable, USB Type A To USB Type C)",
"oraimo Traveler Link 20 Power Bank (OPB-P5201, likely variant of OPB5201)",Power Banks,JNE-OPB5201-148,OPB5201,72450,7,"SPECS
Capacity: 20000mAh (74 Wh)
Input 1(Micro-USB Port): 5V/2A
Input 2(Type-C Port): 5V/2A
Input 3(USB-A Cable): 5V/2A
Output 1(USB-A Port): 5V/2.4A
Output 2(Micro-USB Cable): 5V/2.1A
Output 3(Lightning Cable): 5V/2.1A
Output 4(Type-C Cable): 5V/2.1A
Total Output: 5V/2.4A (Max)",
AKZ 29 Over-Ear Bluetooth-compatible Headphone Foldable Stereo Music Wireless / AUX Wired Headset - Black,Headphones & Earbuds,JNE-AKZ29-981,AKZ29,,1,"Specifications:

Bluetooth-compatible version: Bluetooth-compatible V5.3+EDR
Transmission distance: 10 meters
Charging time: 2.5-3 hours
Usage time: about 10 hours
Standby time: 60 hours
Speaker: 40 mm
Charging voltage: DC 5V
Connector: Type-C interface
Frequency response: 20 Hz-20 kHz
Battery: 200mAh rechargeable polymer battery
Functions: adjust volume, switch songs, answer calls, reject calls, hang up calls, Bluetooth-compatible playback, call replay, Bluetooth-compatible reconnection, voice prompts, battery display, MP3, FM radio",
itel It2165,Mobile Phones,JNE-IT2165-212,it2165,28462.5,10,"The itel IT2165 is a basic feature phone with a  2.0-inch QQVGA display, 32MB of RAM and ROM, and a VGA rear camera. It supports. It includes features like a built-in wireless FM radio, a bright torch, and the ability to store up to 1000 phone contacts. The phone is powered by a MediaTek MTK6261D processor with 32MB",
"Itel 2163 Dual SIM, 1.8"" 32MB ROM, 32MB RAM 1000mAh - Black",Mobile Phones,JNE-IT2163-256,it2163,28462.5,10,"Dual SIM: Like many feature phones, the Itel 2163 supports dual SIM functionality, allowing you to use two SIM cards simultaneously.
Battery Life: The Itel 2163 is equipped with a 1000mAh removable battery,
Storage: The Itel 2163 comes with 32MB of internal storage, which is sufficient for storing contacts, messages, and a few media files. It also has 32MB of RAM to help with smooth operation.
Features: The Itel 2163 offers basic features such as calls, SMS messaging, FM radio, a VGA rear camera, and a music player. It does not have internet connectivity or app support.",
Itel it2160C (2167),Mobile Phones,JNE-IT2160C2-742,it2160C (2167),35190.0,10,"Dual SIM.
Wireless Fm.
Bright torch.
Dual large front.
1.77 inches.
1000 mah battery capacity.
Type C",
Itel it2160,Mobile Phones,JNE-IT2160-263,it2160,36225.0,10,"Display:1.77"" TN
Resolution:128 *160(QQVGA)
Battery:1000mAh
Network:GSM 900/DCS1800 MHz/GSM/GPRS
Camera:Primary: 3.0MP,LED Flashlight
USB 2.0
3.5mm Stereo Earjack
MicroSD External Memory slot",
Itel it2160N 3lines,Mobile Phones,JNE-IT2160N3-911,it2160N 3lines,32602.5,10,"Display: 1.8"" TN
Resolution: 128 *160(QQVGA)
Battery:1000mAh
32MB ROM+ 32MB RAM
3.5mm Stereo Earjack
LED Flashlight",
Itel it3010,Mobile Phones,JNE-IT3010-796,it3010,39330.0,10,"510% Longer calls
62% Faster Network
2.0 Inch display
1500mAH Battery
2000 Contact save memory
Rear Camera
Wireless FM Radio
Auto call recording
Bright Torch
Dial Large Fonts
Media Player
Memory card supported",
Itel it5027,Mobile Phones,JNE-IT5027-532,it5027,45540.0,10,"Dual Sim Card Slot

screen2.4""

Opera mini

Rear Camera

1700mAh Battery

Bright Torch",
Itel it5032,Mobile Phones,JNE-IT5032-710,it5032,44505.0,10,"High-quality materials and build
Reliable, consistent performance
Modern design with ergonomic handling
Energy-efficient and safe operation
Backed by comprehensive quality control",
Itel it5600NEW (5606L),Mobile Phones,JNE-IT5600NE-165,it5600NEW (5606L),38812.5,10,"Type - C
SIM: Dual SIM, Dual Standby.
Battery: 1800mAh capacity.
Options: Can support 2500mah battery
Connectivity: Bluetooth 3.0, 3.5mm ear jack, USB port.
Multimedia: Wireless FM Radio, VGA Camera, Bright Torch.
Network: GSM 900/1800.
black",
Itel it5606P,Mobile Phones,JNE-IT5606P-494,it5606P,44505.0,10,"Big-battery basic feature phone (approximate match - closest retailer listing found):
2500mAh big battery
Wireless FM radio
Facebook/Opera Mini access
Dual SIM
Bright torch
Note: exact Ugandan retail page not found; specs sourced from regional itel it5606P listings.",
Itel it5606,Mobile Phones,JNE-IT5606-490,it5606,46575.0,10,"Display: 1.8"" (4.57 cm)
Camera: 0.3 MP rear
Battery: 2500 mAh
SIM: Dual SIM, GSM+GSM
Network: 2G only (no 3G/4G)
Wireless FM radio, LED torch, expandable storage for music/files",
Itel it5609,Mobile Phones,JNE-IT5609-710,it5609,48645.0,10,"Display: 2.0-inch screen
Camera: 1.3 MP rear
Memory: 4MB ROM + 4MB RAM (8MB/8MB per some listings)
Battery: 2500mAh removable Li-Ion (up to 30h talk time / 50 days standby)
Dual SIM, Wireless FM radio, Bluetooth 3.0, bright LED torch",
Itel it5082,Mobile Phones,JNE-IT5082-579,it5082,51232.5,10,"Display: 2.4-inch TFT non-touch, 240x320
Camera: 1.3MP rear
Memory: 64MB RAM + 64MB ROM, expandable via microSD
Battery: 1200mAh removable (some listings cite 1500mAh)
Triple SIM, Bluetooth, wireless FM radio, built-in torch, Opera Mini & LetsChat",
Itel it5619,Mobile Phones,JNE-IT5619-641,it5619,51750.0,10,"Display: 2.4"" large screen
Battery: 2500mAh long-lasting
Dual SIM support
Wireless FM radio
MP3/MP4 player
Expandable memory up to 32GB",
Itel it5620,Mobile Phones,JNE-IT5620-357,it5620,51750.0,10,"Display: 2.8"" (240x320)
Camera: Back 3.0MP, Front 1.3MP
Memory: 8MB ROM + 8MB RAM, expandable up to 16GB
Battery: 2500mAh, ~20hrs talktime
Wireless FM radio, Bluetooth/USB, Facebook & Palmchat messaging",
Itel CX02,Mobile Phones,JNE-CX02-666,CX02,62100.0,10,"Display: 1.8-inch
Dual SIM support
Wireless FM radio
Expandable storage
Simple, sturdy build for everyday reliable use (also sold as itel Circle 1 in round-screen variant)",
Itel it5627 Metal,Mobile Phones,JNE-IT5627ME-981,it5627 Metal,58995.0,10,"Display: 2.8""-3.0"" QVGA
Memory: 64MB ROM + 64MB RAM, expandable up to 32GB
Battery: 2500mAh (up to 55-day standby)
Triple SIM support, rear camera, wireless FM radio with Super Soundbox, Opera Mini, built-in games",
Itel it5627,Mobile Phones,JNE-IT5627-111,it5627,74520.0,10,"Display: 3.0"" QVGA big screen
Camera: 0.08MP rear
Memory: 16MB ROM + 4MB RAM (variants list 64MB/64MB), expandable to 32GB
Battery: 2500mAh (up to 55-day standby)
Triple SIM, Opera Mini, wireless FM radio, built-in games, Bluetooth/Type-C",
Itel it5626,Mobile Phones,JNE-IT5626-796,it5626,80730.0,10,"Display: 2.4-inch
Battery: 2200mAh
Dual SIM support
Wireless FM radio
MP3 player
Focus on voice clarity, large keys and long battery life",
Itel it9020,Mobile Phones,JNE-IT9020-838,it9020,81765.0,10,"Also marketed as itel Super Guru 4G
Display: 2.8-inch
Battery: 4000mAh (long-lasting)
Dual SIM (4G LTE variant available)
Wireless FM radio
Social/media apps (YouTube, etc.) on 4G version; basic 2G variants also exist with smaller battery",
Itel it5362,Mobile Phones,JNE-IT5362-217,it5362,56925.0,10,"Display: 2.4""-2.8"" colour display
Memory: 64MB ROM + 64MB RAM, expandable up to 32GB
Battery: 2000mAh (up to 30-day standby)
Triple SIM, wireless FM radio, Opera Mini, King Voice, Type-C port, rear camera",
Itel it9220 (NEO X10),Mobile Phones,JNE-IT9220NE-798,it9220 (NEO X10),67275.0,10,"Marketed as itel NEO X10+ 4G
Display: 2.4""-2.8"" screen
Battery: 2500mAh
Dual SIM (dual standby), 4G with Wi-Fi hotspot
Rear camera, wireless FM radio, social media access (Facebook/YouTube/TikTok), 10 preloaded games",
Itel FLIP 1,Mobile Phones,JNE-FLIP1-649,FLIP 1,96772.5,10,"Foldable/flip design (itel's first foldable feature phone)
Display: 2.4"" QQVGA (240x320)
Camera: 0.08MP rear with flash + 0.08MP front
Memory: 8MB ROM + 8MB RAM, expandable up to 64GB
Battery: 1200mAh
Bluetooth calling, Opera Mini, FM radio",
Itel A06 64+2,Mobile Phones,JNE-A06642-868,A06 64+2,274275.0,10,"Display: 6.56-inch
OS: Android 14 (Go edition)
Battery: 4000mAh
Storage/RAM: 64GB + 2GB (listing references 2GB+32GB variant - configuration may vary by batch)
Affordable entry-level Android smartphone",
Itel A50Cs (64+2),Mobile Phones,JNE-A50CS642-373,A50Cs (64+2),305325.0,10,"Display: 6.6"" IPS TFT with Dynamic Island cutout
Chipset: Unisoc T603/T7100, Octa-core
Memory: 2GB RAM + 64GB storage
Battery: 4000mAh, USB Type-C
Rear camera ~8MP, Android 14 Go edition, fingerprint unlock, dual SIM",
Itel A100C 64+2,Mobile Phones,JNE-A100C642-887,A100C 64+2,330165.0,10,"Display: 6.6-inch IPS LCD, 90Hz refresh rate
Chipset: Unisoc T7100, Octa-core
Memory: 2GB RAM + 64GB storage, expandable via microSDXC
Battery: 5000mAh
OS: Android 15 (Go edition) with itel OS 15
Ugandan retail price cited at UGX 245,000 for this 2GB+64GB configuration (Nov 2025)",
Itel A100C 128+3,Mobile Phones,JNE-A100C128-756,A100C 128+3,308430.0,10,"Display: 6.6-inch IPS LCD, 90Hz refresh rate
Chipset: Unisoc T7100, Octa-core
Memory: 3GB RAM + 128GB storage, expandable via microSDXC
Battery: 5000mAh
OS: Android 15 (Go edition) with itel OS 15
Higher RAM/storage configuration of the A100C series",
Itel A200 64+3,Mobile Phones,JNE-A200643-448,A200 64+3,362250.0,10,"Display: 6.75-inch, 120Hz refresh rate
Chipset: Unisoc T7250 (12nm), Octa-core
Memory: 3GB RAM + 64GB storage
Battery: 5000mAh, 15W charging
OS: Android 15 (Go edition), Sola AI assistant
Build: IP65 dust/water resistance, MIL-STD-810H durability rating",
Itel A200 128+3,Mobile Phones,JNE-A2001283-214,A200 128+3,399510.0,10,"Display: 6.75-inch, 120Hz refresh rate
Chipset: Unisoc T7250 (12nm), Octa-core
Memory: 3GB RAM + 128GB storage
Battery: 5000mAh, 15W charging
OS: Android 15 (Go edition), Sola AI assistant
Build: IP65 dust/water resistance, MIL-STD-810H durability rating
Uganda retail price confirmed at UGX 386,000 (Mar 2026)",
Itel A200+ 128+3,Mobile Phones,JNE-A2001283-400,A200+ 128+3,411930.0,10,"Display: 6.75-inch IPS LCD, 120Hz refresh rate, 700 nits peak brightness
Chipset: Unisoc T7250, Octa-core
Memory: 3GB/4GB RAM + 64GB/128GB storage, microSDXC expandable
Battery: 6000mAh, 18W wired + reverse charging
OS: itel OS 15.1 (Android 15 Go edition)
Rear camera 13MP, side-mounted fingerprint, IP65 + MIL-STD-810H rated build",
Itel A90 (64+3),Mobile Phones,JNE-A90643-545,A90 (64+3),288765.0,10,"Display: 6.6-inch IPS LCD
Chipset: Unisoc T7100
Memory: 3GB RAM + 64GB storage
Battery: 5000mAh
OS: itel OS 14 (Android 14 Go edition) with Aivana 2.0 AI assistant and Smart Link+
IP54 dust/splash resistance; Uganda base-model price cited around UGX 298,000",
Itel A90 (128+3),Mobile Phones,JNE-A901283-261,A90 (128+3),308430.0,10,"Display: 6.6-inch IPS LCD, HD+
Chipset: Unisoc T7100
Memory: 3GB RAM + 128GB storage
Battery: 5000mAh with fast charging
Triple rear cameras with AI modes, IP54 dust/splash resistance
Colors: Starlit Black, Aurora Blue, Cosmic Green, Space Titanium",
Itel CITY100,Mobile Phones,JNE-CITY100-564,CITY100,362250.0,10,"Display: 6.75-inch HD+ IPS LCD, 90Hz refresh rate, 700 nits peak brightness, 83% wide color gamut
Build: Dust/water and 1.5m drop resistant, 185g, Dynamic Bar 2.0
Features: DeepSeek R1 AI integration, side fingerprint, face unlock, infrared remote, dual SIM, 4G
Colors: Navy Blue, Pure Titanium, Fairy Purple",
Itel CITY200,Mobile Phones,JNE-CITY2001-103,CITY200 (128+4),465750.0,10,"Display: 6.78-inch, 120Hz refresh rate
Build: 7.45mm slim unibody, IP65 dust/water resistant, MIL-STD-810H drop resistance
Memory: 128GB storage + 8GB total RAM (4GB physical + 4GB extended)
Camera: 50MP main AI camera
OS: Android 15 with itel OS, Sola AI assistant; 5200mAh battery, 18W charging",
Itel S24,Mobile Phones,JNE-S242568-839,S24 (256+8),506115.0,10,"Display: 6.6-inch IPS LCD, 90Hz refresh rate, 720x1612
Chipset: MediaTek Helio G91
Memory: 4GB RAM (+4GB virtual = 8GB total) + 256GB storage
Camera: 108MP main rear sensor, dual-lens setup
Battery: 5000mAh; OS: Android 13 (itel OS 13); Uganda launch price cited around UGX 499,000",
Itel Tab 30,Mobile Phones,JNE-TAB30128-996,Tab 30 (128+4),381915.0,10,"Display: 11.0-inch IPS LCD, 1200x1920, ~206 ppi
Chipset: Unisoc T606, Mali-G57 GPU
Memory: 4GB RAM + 128GB storage
Battery: 7000mAh
Cameras: 8MP rear, 5MP front
OS: Android 13/14; dual connectivity (4G SIM + Wi-Fi); quad speakers on some variants",
TECNO T101,Mobile Phones,JNE-T101-836,T101,41400.0,10,"Display: 1.77-inch QVGA (128x160)
Memory: 32MB ROM + 32MB RAM, expandable up to 32GB
Camera: VGA rear
Battery: 1000mAh
Dual SIM, wireless FM radio (loud speaker), Bluetooth, LED torchlight",
TECNO T102,Mobile Phones,JNE-T102-369,T102,41400.0,10,"Display: 1.77-inch QVGA (128x160)
Memory: 32MB ROM + 32MB RAM (4MB/4MB in some listings)
Camera: 0.08MP VGA rear
Battery: 1000mAh (1150mAh variant also sold)
Dual SIM, wireless FM radio, Bluetooth, LED torch, USB-C charging on newer batches",
TECNO T302,Mobile Phones,JNE-T302-612,T302,47610.0,10,"Display: 2.0-inch QQVGA
Memory: 4MB ROM + 4MB RAM, expandable up to 32GB via microSD
Camera: 0.08MP rear
Battery: 1150mAh
Dual SIM, wireless FM radio with loud speaker, Bluetooth, LED torchlight",
TECNO T303,Mobile Phones,JNE-T303-880,T303,47610.0,10,"Display: 2.0-inch QVGA (128x160)
Memory: 4MB RAM + 4MB internal storage
Camera: 0.08MP
Battery: Removable 1150mAh, USB Type-C charging
Dual SIM, Bluetooth 5.0, FM radio",
TECNO T528,Mobile Phones,JNE-T528NEW-282,T528/NEW,71415.0,10,"Display: 2.8-inch (240x320)
Memory: 16MB ROM + 8MB RAM, expandable via microSD
Camera: rear camera with flash
Battery: 2500mAh (up to ~38-50 days standby)
Dual SIM, wireless FM radio, Bluetooth; ""New""/T528(New) revision sold with same core spec",
TECNO T530,Mobile Phones,JNE-T530-619,T530,98325.0,10,"Note: could not confirm detailed specs from a dedicated Ugandan retail listing - this appears to be a less common/newer Tecno feature-phone model. Based on the T5xx feature-phone line pattern (T528, T529, T352), expect: 2.8"" TFT display, dual SIM, wireless FM radio, ~2500mAh removable battery, rear camera with flash. Recommend verifying exact spec sheet with a local Tecno retailer before publishing.",
TECNO T403,Mobile Phones,JNE-T403-208,T403,69345.0,10,"Display: 2.8-inch QVGA
Battery: 2000mAh, long-lasting
Dual SIM support
Wireless FM radio
Built for durability and all-day connectivity",
TECNO T313,Mobile Phones,JNE-T313-991,T313,69345.0,10,"Display: 1.77-inch QQVGA (128x160)
Memory: 4MB ROM + 4MB RAM, expandable up to 32GB
Camera: 0.08MP rear + 0.08MP front
Battery: 1150mAh (up to 24 days standby)
Dual SIM, wireless FM radio, Bluetooth, Facebook access",
TECNO T315,Mobile Phones,JNE-T315-740,T315,61065.0,10,"Display: 1.77-inch
Dual SIM
Sturdy bar design with contrast edging, anti-dust keypad
Compact and durable build for everyday casual use",
TECNO T316,Mobile Phones,JNE-T316-405,T316,60030.0,10,"Display: 2.0-inch QVGA
Memory: 4MB ROM + 4MB RAM, expandable up to 32GB with T-Flash card
Battery: 2000mAh, long-lasting
Digital rear camera, dual SIM, wireless FM radio",
TECNO T354,Mobile Phones,JNE-T354-961,T354,56925.0,10,"Display: 2.0-inch bright color display
Triple SIM support
Battery: 2500mAh (massive, long-lasting)
Wireless FM radio, Bluetooth connectivity, bright LED torch
Expandable storage up to 32GB via microSD, USB Type-C charging port",
TECNO T353,Mobile Phones,JNE-T353-754,T353,66240.0,10,"Display: 1.77-inch QVGA (128x160)
OS: MOS, Processor MT6261D
Network: GSM 900/1800MHz
Dual SIM, rear camera, wireless FM radio
Battery: 2500mAh",
TECNO T352,Mobile Phones,JNE-T352-619,T352,52785.0,10,"Display: 1.77-inch TFT (128x160), 167ppi
Memory: 4MB ROM + 4MB RAM, expandable via microSD
Camera: 0.08MP rear with digital zoom
Battery: 2500mAh Li-Ion
Dual SIM, wireless FM radio, Bluetooth",
TECNO T475,Mobile Phones,JNE-T475-723,T475,89010.0,10,"Display: 2.8-inch QVGA (240x320)
Memory: 64MB ROM + 64MB RAM, expandable up to 64GB via microSD
Camera: 0.08MP rear + 0.08MP front, both with flash
Battery: 1900mAh
Dual SIM, FM radio, Bluetooth, Facebook access",
TECNO T372,Mobile Phones,JNE-T372-303,T372,77625.0,10,"Display: 2.4-inch screen
Memory: 4MB ROM + 4MB RAM, expandable up to 64GB
Camera: rear camera with flash
Battery: 1150mAh
Triple SIM, FM loud speaker, Facebook access",
TECNO T402,Mobile Phones,JNE-T402-256,T402,81765.0,10,"Display: 2.4-inch
Memory: 4MB ROM + 4MB RAM (8MB/8MB in some listings)
Camera: dual camera (0.08MP back with flash, 0.08MP front)
Battery: 1150mAh-1500mAh
Triple SIM support, FM radio, internet browsing/social apps on some variants",
TECNO T454,Mobile Phones,JNE-T454-482,T454,92115.0,10,"Display: 2.8-inch, big display for large character view
Memory: 4MB ROM + 4MB RAM
Camera: 0.08MP rear
Battery: 1500mAh
Dual SIM, wireless FM radio with big speaker",
TECNO T467,Mobile Phones,JNE-T467-880,T467,99360.0,10,"Display: 2.4-inch
Memory: 64MB ROM + 64MB RAM
Camera: rear camera with flash
Battery: 2500mAh, long standby
Triple SIM, FM radio, Bluetooth",
TECNO T485,Mobile Phones,JNE-T485-265,T485,129375.0,10,"Display: 2.8-inch
Memory: 4MB ROM + 4MB RAM
Camera: 0.08MP rear
Battery: 4000mAh (large capacity)
Dual SIM, wireless FM loud speaker, Bluetooth, OTG support",
TECNO T529,Mobile Phones,JNE-T529-652,T529,83835.0,10,"Display: 2.8-inch LCD screen (240x320)
OS: Nucleus OS, Processor MT6260A
Memory: 16MB ROM + 8MB RAM, expandable up to 32GB
Camera: 0.08MP rear with flash
Battery: 2500mAh; Dual SIM, FM radio, Bluetooth, LetsChat/Opera Mini, voice message",
TECNO T663,Mobile Phones,JNE-T663-897,T663,124200.0,10,"Display: 3.5-inch touchscreen
Memory: 128MB ROM + 64MB RAM
Camera: 1.3MP
Battery: 2400mAh
Dual SIM, wireless FM radio, Bluetooth, touchscreen feature phone",
TECNO T455,Mobile Phones,JNE-T455-643,T455,78660.0,10,"Display: 2.8-inch (also sold in 2.4-inch QVGA variant)
Memory: 128MB ROM
Battery: 2000mAh-2500mAh (variant dependent)
Dual SIM, wireless FM radio, 0.08MP camera, Bluetooth, expandable storage, built-in torch",
TECNO S302,Mobile Phones,JNE-S302-100,S302,77625.0,10,"Display: 3.0-inch color display
Processor: MT6260A
Memory: 64MB RAM + 64MB ROM, expandable up to 32GB via T-Flash
Camera: 0.08MP rear
Battery: 1500mAh; Dual SIM, Opera Mini, FM/Bluetooth, USB Type-C charging",
TECNO POP10C 2025,Mobile Phones,JNE-BG6M642-713,BG6M 64+2,340515.0,10,"Model: BG6M
Display: 6.6-inch HD+ IPS LCD, 90Hz refresh rate
Chipset: Unisoc T606, Octa-core
Memory: 2GB RAM + 64GB storage
Battery: 5000mAh
Camera: 13MP main rear (dual-camera setup); OS Android 13 Go edition; colors Meta Black/Blue/Green",
TECNO POP20,Mobile Phones,JNE-KN3644-431,KN3 64+4,444015.0,10,"Model: KN3
Display: 6.75-inch HD+, 120Hz refresh rate
Chipset: Unisoc T7250, Octa-core, Mali-G57 GPU
Memory: 4GB RAM + 64GB storage (4GB extended RAM)
Battery: 5000mAh, 15W charging
Camera: 13MP rear, 8MP front; Android 15, IP64 dust/water resistance, side fingerprint",
TECNO POP20,Mobile Phones,JNE-KN31284-600,KN3 128+4,557865.0,10,"Model: KN3
Display: 6.75-inch HD+ Dot Notch, 120Hz refresh rate
Chipset: Unisoc T7250, Octa-core
Memory: 4GB RAM + 128GB storage
Battery: 5000mAh, 15W fast charging, Type-C
Camera: 13MP AI dual rear + 8MP front; Android 15, side fingerprint, IP64 rating",
TECNO SPARK Go 2,Mobile Phones,JNE-KM4644-119,KM4 64+4,381915.0,10,"Model: KM4
Display: 6.67-inch, 120Hz refresh rate
Chipset: Unisoc T7250
Memory: 4GB RAM + 64GB storage
Battery: 5000mAh
Camera: 13MP rear; Android 15, also marketed as Tecno Pop 10 in some markets",
TECNO POP10PRO,Mobile Phones,JNE-KM4K1284-214,KM4K 128+4,433665.0,10,"Model: KM4K
Display: 6.6-inch HD+, 120Hz refresh rate
Memory: 4GB RAM + 128GB storage
Battery: 5000mAh non-removable, 20W fast charging
Camera: 48MP AI rear camera
OS: Android 15; supports 5G connectivity; dual SIM (Nano-SIM, dual standby)",
TECNO SPARK 50,Mobile Phones,JNE-KN41284-471,KN4 128+4,618930.0,10,"Model: KN4
Successor to the Spark 40 series
Memory: 4GB RAM + 128GB storage (per listing configuration)
Uganda market price referenced around UGX 786,000 for a comparable configuration - confirm exact variant pricing with retailer
Full display/camera/battery spec not independently confirmed in this pass",
TECNO SPARK 40,Mobile Phones,JNE-KM51284A-999,KM5 128+4 ACC,516465.0,10,"Model: KM5
Display: 6.67-inch, 120Hz refresh rate
Chipset: MediaTek Helio G81, Octa-core
Memory: 4GB RAM + 128GB storage
Battery: 5200mAh, 45W fast charging (100% in ~55 min)
Camera: 50MP AI main + PDAF, 8MP front; dual SIM, Bluetooth 5.0, infrared port, USB-C",
TECNO SPARK 40,Mobile Phones,JNE-KM52568A-951,KM5 256+8 ACC,609615.0,10,"Model: KM5
Display: 6.67-inch, 120Hz refresh rate
Chipset: MediaTek Helio G81, Octa-core
Memory: 8GB RAM + 256GB storage
Battery: 5200mAh, 45W fast charging
Camera: 50MP AI main rear camera; Android 15, IP64 rated",
TECNO SPARK 40 Pro,Mobile Phones,JNE-KM62568-926,KM6 256+8,847665.0,10,"Model: KM6
Display: 6.78-inch AMOLED, 144Hz refresh rate, 1220x2712, 439ppi
Chipset: MediaTek Helio G100 Ultimate, Octa-core
Memory: 8GB RAM + 256GB storage
Battery: 5200mAh
Camera: 50MP AI main + PDAF, 13MP front; Android 15, IP64 dust/water resistant, colors incl. Ink Black, Moon Titanium",
TECNO SPARK 40 Pro+,Mobile Phones,JNE-KM72568-414,KM7 256+8,889065.0,10,"Model: KM7
Display: 6.78-inch curved 3D AMOLED, 1.5K (1224x2720), 144Hz refresh rate, up to 4500 nits peak brightness
Chipset: MediaTek Helio G200, Octa-core
Memory: 8GB RAM + 256GB storage
Battery: 5200mAh, 45W wired + 30W magnetic wireless + 5W reverse wireless charging
6.49mm ultra-slim curved body, IP64 rated, Gorilla Glass 7i, dual stereo speakers with Dolby Atmos",
TECNO SPARK SLIM,Mobile Phones,JNE-KM7K2568-345,KM7K 256+8,1002915.0,10,"Display: 6.78-inch AMOLED, 144Hz refresh rate
Chipset: MediaTek Helio G200, Octa-core
Memory: 8GB RAM + 256GB storage
Camera: 50MP main rear camera
Battery: 5160mAh, 45W charging
Uganda launch RRP cited at UGX 829,000 (Nov 2025 promo pricing) with free case and Buds4 Air",
TECNO MEGAPAD SE,Mobile Phones,JNE-T1102128-159,T1102 128+4,651015.0,10,"Display: 11-inch IPS LCD FHD+ (1920x1200), 90Hz refresh rate, 440 nits
Chipset: Snapdragon (6nm)
Memory: 4GB RAM + 128GB storage (Memory Fusion can boost RAM)
Battery: 8000mAh
Build: 7mm ultra-slim all-metal unibody; Ella AI assistant, quad speakers with Dolby Audio
Uganda RRP cited at UGX 549,000 standalone (Nov 2025)",
TECNO MEGAPAD SE KEYBOARD,Mobile Phones,JNE-ITEM-346,—,103500.0,10,"Official keyboard bundle add-on for the TECNO MegaPad SE tablet
Uganda pricing: MegaPad SE alone UGX 549,000; MegaPad SE + keyboard bundle UGX 649,000 - i.e. the keyboard add-on is priced at UGX 100,000, matching this line item exactly
Transforms the tablet into a laptop-style productivity device (also supports WPS Office)",
TECNO CAMON 40,Mobile Phones,JNE-CM52568A-999,CM5 256+8 ACC,920115.0,10,"Display: 6.78-inch AMOLED, 1080p, 120Hz refresh rate
Chipset: MediaTek Helio G100
Memory: 8GB RAM + 256GB storage
Battery: 5200mAh
Camera: 50MP main rear camera
Connectivity: 4G LTE, Wi-Fi, Bluetooth, GPS, NFC",
TECNO CAMON 40 Pro,Mobile Phones,JNE-CM62568A-680,CM6 256+8 ACC,1032930.0,10,"Display: 6.78-inch Full HD+ AMOLED, 120Hz refresh rate, Corning Gorilla Glass 7i, always-on display
Chipset: MediaTek Helio G100 Ultimate
Memory: 8GB RAM + 256GB storage
Camera: 50MP main (OIS) + 8MP ultra-wide rear, 50MP AF front; 4K@60fps video
Battery: 5200mAh, 45W fast charging; 7.3mm profile, 178g weight; Android 15 with HiOS 15",
TECNO CAMON 40 Premier,Mobile Phones,JNE-CM825612-180,CM8 256+12,1861965.0,10,"Display: 6.67-inch AMOLED, 1.5K resolution
Chipset: MediaTek Dimensity 8350
Memory: listing confirms 8GB RAM + 256GB storage (doc specifies 12GB variant - configuration may vary by market/batch)
Camera: 50MP triple rear camera system
Flagship Camon-series model with premium build and advanced camera capabilities",
CAMON 20 Premier 5G,Mobile Phones,JNE-CK9N5128-187,CK9N 512+8,1332045.0,10,"Model: CK9N
Display: 6.67-inch AMOLED, HDR10, 120Hz refresh rate
Chipset: MediaTek Dimensity 8050, Octa-core
Memory: 8GB RAM + 512GB storage
Camera: 50MP (OIS, Laser AF) + 108MP ultra-wide rear, 32MP front
Battery: 5000mAh, 45W charging; Android 13 with HiOS 13 (upgradable to Android 15)",
TECNO CAMON 50,Mobile Phones,JNE-CN52568-849,CN5 256+8,1159200.0,10,"Display: 6.78-inch AMOLED, 144Hz refresh rate
Chipset: MediaTek Helio G200
Memory: 8GB RAM + 256GB storage
Camera: 50MP OIS main rear camera, 32MP selfie camera
Battery: 6150mAh, 45W fast charging
OS: Android 16 (HiOS); part of the Camon 50 series launched in Uganda in Feb 2026",
TECNO CAMON 50 Pro,Mobile Phones,JNE-CN5C2568-597,CN5C 256+8,1231650.0,10,"Display: 6.78-inch curved AMOLED, 144Hz refresh rate, 76.97mm width, 7.38mm thickness
Chipset: MediaTek Helio G200
Memory: 8GB RAM + 256GB storage (8GB extended memory available)
Camera: 50MP OIS main + 50MP 3x telephoto rear, 32MP selfie
Battery: 6150mAh, 45W fast charging; Android 16 with HiOS 16",
TECNO CAMON 50 Ultra 5G,Mobile Phones,JNE-CN7C5121-935,CN7C 512+12,1956150.0,10,"Model: CN7C
Display: 6.78-inch curved AMOLED, 1.5K resolution, 144Hz refresh rate
Chipset: MediaTek Dimensity 7400 Ultimate (4nm)
Memory: 12GB LPDDR5 RAM + 512GB storage
Camera: 50MP OIS triple rear camera system
Launched globally March 2026; positioned as Tecno's most advanced Camon model with 'Rugged Elegance' design",
TECNO PHANTOM V Flip2 5G,Mobile Phones,JNE-AE112568-170,AE11 256+8,2482965.0,10,"Model: AE11
Foldable flip smartphone, successor to Phantom V Flip
Memory: 8GB RAM + 256GB storage
Network: 5G
External + internal foldable AMOLED displays; part of Tecno's premium Phantom V foldable lineup announced alongside the V Fold2 5G",
TECNO PHANTOM V Fold2 5G,Mobile Phones,JNE-AE105121-878,AE10 512+12,4138965.0,10,"Model: AE10
Display: 7.85-inch foldable AMOLED (main) + cover display
Chipset: MediaTek Dimensity 9000+
Memory: 12GB RAM + 512GB storage
Battery: 5750mAh
Camera: 50MP triple rear camera system; premium foldable flagship, 5G",
TECNO MEGABOOK S14,Mobile Phones,JNE-S141TB16-645,S14 1TB + 16GB,3094650.0,10,"Laptop model in Tecno's Megabook S series, unveiled alongside the Camon 40 series (MWC 2025)
Memory: 16GB RAM + 1TB SSD (per this listing's configuration)
Expected high-performance processor (Intel Core Ultra / AMD Ryzen-class) optimized for AI-enhanced multitasking
Uganda retail price confirmed at UGX 2,990,000, matching this listing exactly",
TECNO Smart 20,Mobile Phones,JNE-X6840-884,X6840,433665.0,10,64+4 (4G),
TECNO Smart 20,Mobile Phones,JNE-X6840-228,X6840,543375.0,10,128+4 (4G),
TECNO Hot60 Pro,Mobile Phones,JNE-X6885-231,X6885,723465.0,10,256+8 (4G),
TECNO Hot60 Pro+,Mobile Phones,JNE-X6886-775,X6886,874575.0,10,256+8 (4G),
TECNO Xpad20,Mobile Phones,JNE-X1102-586,X1102,582705.0,10,128+4 (4G),
TECNO Xpad30E,Mobile Phones,JNE-X1102B-662,X1102B,637560.0,10,128+4 (4G),
TECNO Note Edge,Mobile Phones,JNE-X6887-269,X6887,1273050.0,10,256+8 (5G),
TECNO Note 60 Pro,Mobile Phones,JNE-X6878-371,X6878,1562850.0,10,256+8 (5G),
TECNO Note 50,Mobile Phones,JNE-X6858-640,X6858,947025.0,10,256+8 (5G),
TECNO Note 50 Pro+,Mobile Phones,JNE-X6856-993,X6856,1687050.0,10,256+12 (5G),
